timestamp,x,y,z,roll,pitch,yaw,vx_cmd,vy_cmd,vz_cmd,yaw_rate_cmd,target_x,target_y,target_z,target_yaw,pos_error,yaw_error
1777304912.714459,0.291307,-0.146449,0.861727,-0.036022,0.006957,0.049224,-1.303020,1.372200,1.372200,-0.271054,0.000000,0.000000,2.000000,0.000000,1.184049,0.049224
0.102995,0.292887,-0.146801,0.861441,-0.056672,0.022177,0.049535,-0.349904,0.202539,1.372200,-0.037703,0.000000,0.000000,2.000000,0.000000,1.184757,0.049535
0.098061,0.294076,-0.146611,0.860969,-0.041517,0.013656,0.050590,-0.347671,0.200224,1.372200,-0.041531,0.000000,0.000000,2.000000,0.000000,1.185482,0.050590
0.109847,0.296188,-0.146274,0.861984,-0.045383,0.007439,0.053868,-0.356990,0.200321,1.372200,-0.048451,0.000000,0.000000,2.000000,0.000000,1.184991,0.053868
0.090826,0.297710,-0.146422,0.863145,-0.043894,0.007862,0.053759,-0.355732,0.205429,1.372200,-0.047707,0.000000,0.000000,2.000000,0.000000,1.184276,0.053759
0.114676,0.299957,-0.146158,0.865608,-0.022640,0.004416,0.050228,-0.362155,0.199944,1.372200,-0.045133,0.000000,0.000000,2.000000,0.000000,1.182447,0.050228
0.088244,0.301574,-0.146035,0.867966,-0.035894,0.003596,0.051723,-0.362202,0.201340,1.372200,-0.052919,0.000000,0.000000,2.000000,0.000000,1.180583,0.051723
0.105391,0.303539,-0.145981,0.871463,-0.034686,0.004573,0.049969,-0.364976,0.201713,1.372200,-0.050966,0.000000,0.000000,2.000000,0.000000,1.177727,0.049969
0.101454,0.304927,-0.146261,0.874551,-0.043080,0.009380,0.047146,-0.361550,0.204320,1.372200,-0.050191,0.000000,0.000000,2.000000,0.000000,1.175163,0.047146
0.095243,0.306739,-0.146058,0.878288,-0.033334,0.002137,0.045771,-0.369773,0.198710,1.372200,-0.052581,0.000000,0.000000,2.000000,0.000000,1.172033,0.045771
0.105959,0.308028,-0.146074,0.882620,-0.043572,0.002515,0.048832,-0.363077,0.202011,1.372200,-0.061325,0.000000,0.000000,2.000000,0.000000,1.168228,0.048832
0.091018,0.308725,-0.145606,0.885443,-0.038754,0.003388,0.047077,-0.359656,0.194999,1.372200,-0.057506,0.000000,0.000000,2.000000,0.000000,1.165655,0.047077
0.104523,0.309461,-0.145244,0.889405,-0.035817,-0.002523,0.051102,-0.358923,0.197866,1.372200,-0.068391,0.000000,0.000000,2.000000,0.000000,1.162017,0.051102
0.100371,0.310118,-0.145293,0.893155,-0.041048,0.007936,0.050890,-0.358920,0.202076,1.372200,-0.066762,0.000000,0.000000,2.000000,0.000000,1.158615,0.050890
0.106994,0.308898,-0.145495,0.896522,-0.035641,0.001632,0.049615,-0.338521,0.202326,1.372200,-0.067446,0.000000,0.000000,2.000000,0.000000,1.155097,0.049615
0.096142,0.306485,-0.145726,0.907907,-0.046995,-0.021116,0.050348,-0.321040,0.202504,1.372200,-0.072124,0.000000,0.000000,2.000000,0.000000,1.143607,0.050348
0.101550,0.299181,-0.144999,0.941549,-0.061255,-0.041329,0.048703,-0.263772,0.188102,1.372200,-0.071033,0.000000,0.000000,2.000000,0.000000,1.109438,0.048703
0.105536,0.289072,-0.142881,0.985475,-0.055953,-0.045929,0.052121,-0.227424,0.170953,1.372200,-0.080687,0.000000,0.000000,2.000000,0.000000,1.064537,0.052121
0.098589,0.272631,-0.139376,1.049087,-0.056619,-0.035491,0.052325,-0.134562,0.145682,1.372200,-0.080360,0.000000,0.000000,2.000000,0.000000,0.998994,0.052325
0.104132,0.248311,-0.132267,1.142354,-0.055424,-0.017810,0.052205,-0.038852,0.097762,1.372200,-0.082542,0.000000,0.000000,2.000000,0.000000,0.902613,0.052205
0.104078,0.227151,-0.125374,1.220525,-0.062258,-0.007996,0.051140,-0.048758,0.092943,1.281607,-0.083449,0.000000,0.000000,2.000000,0.000000,0.821521,0.051140
0.097989,0.203429,-0.115965,1.313961,-0.055276,-0.001946,0.045054,0.016078,0.047454,0.990196,-0.076316,0.000000,0.000000,2.000000,0.000000,0.724900,0.045054
0.092487,0.180194,-0.105976,1.412890,-0.055262,0.010092,0.046524,0.050005,0.022129,0.728554,-0.086868,0.000000,0.000000,2.000000,0.000000,0.623216,0.046524
0.094217,0.158009,-0.095342,1.513877,-0.042842,0.013958,0.041852,0.056312,0.005335,0.517010,-0.079192,0.000000,0.000000,2.000000,0.000000,0.519974,0.041852
0.100144,0.137849,-0.084711,1.611101,-0.044543,0.018010,0.038652,0.041317,0.001768,0.362571,-0.080488,0.000000,0.000000,2.000000,0.000000,0.421213,0.038652
0.100334,0.119676,-0.074162,1.695979,-0.042789,0.020799,0.037356,0.038950,-0.008434,0.245279,-0.083186,0.000000,0.000000,2.000000,0.000000,0.335039,0.037356
0.099607,0.103584,-0.063908,1.765620,-0.027659,0.023757,0.036051,0.035075,-0.017009,0.170197,-0.083960,0.000000,0.000000,2.000000,0.000000,0.264098,0.036051
0.099071,0.089832,-0.054327,1.818529,-0.035479,0.023526,0.035090,0.025448,-0.020321,0.138737,-0.085264,0.000000,0.000000,2.000000,0.000000,0.209650,0.035090
0.100107,0.077988,-0.045033,1.855909,-0.031397,0.018449,0.028609,0.016253,-0.025823,0.137518,-0.076818,0.000000,0.000000,2.000000,0.000000,0.169918,0.028609
0.100335,0.067803,-0.036335,1.880588,-0.034378,0.016860,0.028460,0.009157,-0.028434,0.146915,-0.084138,0.000000,0.000000,2.000000,0.000000,0.142045,0.028460
0.103341,0.059013,-0.027784,1.895244,-0.031316,0.015989,0.026737,0.000951,-0.033242,0.166082,-0.082788,0.000000,0.000000,2.000000,0.000000,0.123403,0.026737
0.097963,0.051586,-0.019684,1.903852,-0.036606,0.022283,0.024812,-0.001087,-0.041903,0.173896,-0.082311,0.000000,0.000000,2.000000,0.000000,0.110873,0.024812
0.105379,0.045640,-0.012558,1.909333,-0.021525,0.026343,0.026748,-0.015314,-0.033067,0.179591,-0.088646,0.000000,0.000000,2.000000,0.000000,0.102280,0.026748
0.093668,0.041760,-0.005759,1.913332,-0.015566,0.027204,0.023573,-0.027410,-0.045524,0.175703,-0.082462,0.000000,0.000000,2.000000,0.000000,0.096376,0.023573
0.102802,0.039412,0.000394,1.917215,-0.022064,0.021203,0.018610,1.372200,1.346427,1.372200,-0.792100,1.000000,1.000000,3.000000,-1.500000,1.759080,1.518610
0.097661,0.038738,0.005823,1.921361,-0.028072,0.017859,0.015240,1.090746,1.027035,1.372200,-0.792100,1.000000,1.000000,3.000000,-1.500000,1.753818,1.515240
0.112607,0.045726,0.017624,1.935778,-0.126705,0.126759,-0.021880,0.971695,0.999390,1.372200,-0.792100,1.000000,1.000000,3.000000,-1.500000,1.734436,1.478120
0.090254,0.063200,0.036323,1.964243,-0.193467,0.214669,-0.050389,0.789360,0.888566,1.372200,-0.792100,1.000000,1.000000,3.000000,-1.500000,1.696779,1.449611
0.106657,0.107256,0.076279,2.018684,-0.223660,0.265061,-0.091703,0.490186,0.672265,1.372200,-0.792100,1.000000,1.000000,3.000000,-1.500000,1.616550,1.408297
0.100591,0.172837,0.132235,2.084820,-0.214620,0.253783,-0.145516,0.166229,0.397119,1.372200,-0.792100,1.000000,1.000000,3.000000,-1.500000,1.508234,1.354484
0.091310,0.250297,0.197703,2.156818,-0.184794,0.212930,-0.197881,-0.095992,0.108498,1.372200,-0.792100,1.000000,1.000000,3.000000,-1.500000,1.384446,1.302119
0.108187,0.358940,0.289490,2.256501,-0.114098,0.104201,-0.258773,-0.316536,-0.203139,1.125308,-0.792100,1.000000,1.000000,3.000000,-1.500000,1.211847,1.241227
0.099427,0.461452,0.377268,2.353394,-0.044612,0.017279,-0.312624,-0.397639,-0.388629,0.897991,-0.792100,1.000000,1.000000,3.000000,-1.500000,1.046866,1.187376
0.103894,0.559032,0.463117,2.452848,-0.002347,-0.028718,-0.363358,-0.372648,-0.441096,0.698919,-0.792100,1.000000,1.000000,3.000000,-1.500000,0.884348,1.136642
0.096709,0.646247,0.543104,2.551439,0.019965,-0.053443,-0.419768,-0.361166,-0.563519,0.463725,-0.792100,1.000000,1.000000,3.000000,-1.500000,0.731507,1.080232
0.102475,0.718680,0.614199,2.641692,0.052767,-0.100553,-0.465203,-0.247867,-0.461538,0.341833,-0.792100,1.000000,1.000000,3.000000,-1.500000,0.596966,1.034797
0.096945,0.779077,0.676579,2.718304,0.066646,-0.103645,-0.512016,-0.197938,-0.472437,0.225333,-0.792100,1.000000,1.000000,3.000000,-1.500000,0.482453,0.987984
0.099980,0.825419,0.729366,2.778450,0.071077,-0.099560,-0.565453,-0.106005,-0.361085,0.190036,-0.792100,1.000000,1.000000,3.000000,-1.500000,0.390903,0.934547
0.099941,0.859311,0.772693,2.822322,0.084899,-0.095477,-0.617828,-0.039569,-0.265641,0.176225,-0.792100,1.000000,1.000000,3.000000,-1.500000,0.320985,0.882172
0.101160,0.881650,0.806723,2.851101,0.089841,-0.086638,-0.669594,0.013007,-0.150673,0.189986,-0.792100,1.000000,1.000000,3.000000,-1.500000,0.271171,0.830406
0.100008,0.893534,0.831554,2.866606,0.098328,-0.082037,-0.724814,0.048773,-0.034952,0.219465,-0.792100,1.000000,1.000000,3.000000,-1.500000,0.239797,0.775186
0.102584,0.895952,0.844065,2.872387,0.109432,-0.075925,-0.765511,0.037419,0.124179,0.254529,-0.792100,1.000000,1.000000,3.000000,-1.500000,0.226775,0.734489
0.099350,0.888655,0.850702,2.873497,0.115644,-0.062944,-0.826338,0.067486,0.243917,0.273784,-0.792100,1.000000,1.000000,3.000000,-1.500000,0.225146,0.673662
0.098774,0.876391,0.847857,2.870086,0.068888,-0.008685,-0.883211,0.014781,0.366837,0.302713,-0.792100,1.000000,1.000000,3.000000,-1.500000,0.235168,0.616789
0.094897,0.863220,0.840365,2.865429,0.026165,0.040852,-0.929360,-0.033863,0.428243,0.319368,-0.792100,1.000000,1.000000,3.000000,-1.500000,0.249603,0.570640
0.103631,0.849739,0.829388,2.859290,-0.002317,0.087595,-0.988114,-0.090179,0.452396,0.337013,-0.792100,1.000000,1.000000,3.000000,-1.500000,0.267369,0.511886
0.097802,0.845156,0.823256,2.856084,-0.017340,0.106618,-1.024377,-0.116394,0.356052,0.331061,-0.792100,1.000000,1.000000,3.000000,-1.500000,0.275548,0.475623
0.102507,0.846528,0.817109,2.850888,-0.027740,0.144096,-1.096540,-0.175318,0.289554,0.350442,-0.792100,1.000000,1.000000,3.000000,-1.500000,0.281491,0.403460
0.098901,0.858575,0.817635,2.850746,-0.030002,0.113975,-1.143742,-0.178078,0.133807,0.327230,-0.792100,1.000000,1.000000,3.000000,-1.500000,0.274836,0.356258
0.098809,0.875911,0.822198,2.853330,-0.022126,0.091489,-1.190783,-0.167181,0.036241,0.308671,-0.792100,1.000000,1.000000,3.000000,-1.500000,0.261771,0.309217
0.099496,0.897265,0.830107,2.857933,-0.017263,0.062444,-1.237346,-0.148115,-0.047734,0.289474,-0.792100,1.000000,1.000000,3.000000,-1.500000,0.244133,0.262654
0.103742,0.928844,0.844311,2.866721,0.005307,0.020376,-1.305690,-0.104371,-0.203992,0.252802,-0.742686,1.000000,1.000000,3.000000,-1.500000,0.216946,0.194310
0.105495,0.952281,0.856741,2.874357,0.010842,0.005721,-1.347944,-0.088611,-0.145326,0.242768,-0.738023,1.000000,1.000000,3.000000,-1.500000,0.196434,0.152056
0.101294,0.978561,0.872959,2.884544,0.029418,0.000042,-1.403992,-0.029600,-0.228077,0.208084,-0.684284,1.000000,1.000000,3.000000,-1.500000,0.173001,0.096008
0.100948,0.999239,0.887211,2.894516,0.034705,-0.021465,-1.445337,-0.020440,-0.192561,0.188146,-0.669263,1.000000,1.000000,3.000000,-1.500000,0.154430,0.054663
0.109487,1.014273,0.899584,2.903136,0.045519,-0.030797,-1.484017,-0.025057,-0.137659,0.179752,-0.647701,1.000000,1.000000,3.000000,-1.500000,0.140248,0.015983
0.093422,1.027808,0.913027,2.912988,0.050595,-0.026357,-1.526230,0.027308,-0.166678,0.146458,-0.607652,1.000000,1.000000,3.000000,-1.500000,0.126129,0.026230
0.100775,1.036755,0.923693,2.922563,0.059543,-0.034851,-1.570887,0.005415,-0.119308,0.131486,-0.573976,1.000000,1.000000,3.000000,-1.500000,0.114761,0.070887
0.105145,1.039894,0.930694,2.929234,0.058472,-0.035920,-1.603668,-0.027029,-0.065496,0.132649,-0.558573,1.000000,1.000000,3.000000,-1.500000,0.106783,0.103668
0.104200,1.040066,0.936474,2.936154,0.057949,-0.035382,-1.635479,-0.032206,-0.041760,0.116812,-0.530333,1.000000,1.000000,3.000000,-1.500000,0.098575,0.135479
0.096152,1.036861,0.940605,2.943560,0.055160,-0.030458,-1.669097,1.372200,-1.230904,0.096311,-0.494941,-1.000000,-1.000000,3.000000,-1.500000,2.813883,0.169097
0.102203,1.030777,0.942076,2.949951,0.064931,-0.037019,-1.694850,1.372200,-1.191864,0.089902,-0.476932,-1.000000,-1.000000,3.000000,-1.500000,2.810377,0.194850
0.082639,1.018861,0.938422,2.956809,0.122350,-0.112899,-1.704416,1.372200,-1.177161,0.065848,-0.475341,-1.000000,-1.000000,3.000000,-1.500000,2.799133,0.204416
0.128855,0.995389,0.927806,2.962515,0.125775,-0.122833,-1.741235,1.372200,-1.119572,0.072427,-0.418634,-1.000000,-1.000000,3.000000,-1.500000,2.774782,0.241235
0.107337,0.971235,0.914857,2.965650,0.122298,-0.115070,-1.754662,1.372200,-1.098189,0.073094,-0.411750,-1.000000,-1.000000,3.000000,-1.500000,2.748385,0.254662
0.070773,0.927495,0.890053,2.969202,0.117916,-0.116909,-1.777636,1.372200,-1.061145,0.055668,-0.367275,-1.000000,-1.000000,3.000000,-1.500000,2.699720,0.277636
0.100562,0.877861,0.860943,2.971517,0.119605,-0.131648,-1.802505,1.372200,-1.020415,0.063814,-0.342954,-1.000000,-1.000000,3.000000,-1.500000,2.643914,0.302505
0.092085,0.825661,0.829961,2.973131,0.117926,-0.129973,-1.816059,1.372200,-0.997949,0.063073,-0.329332,-1.000000,-1.000000,3.000000,-1.500000,2.585057,0.316059
0.108920,0.752388,0.786558,2.973395,0.114574,-0.132462,-1.832193,1.372200,-0.807222,0.069737,-0.300860,-1.000000,-1.000000,3.000000,-1.500000,2.502671,0.332193
0.098774,0.677175,0.741688,2.972179,0.117886,-0.136705,-1.849152,1.372200,-0.609330,0.079299,-0.270443,-1.000000,-1.000000,3.000000,-1.500000,2.418092,0.349152
0.100099,0.594546,0.691906,2.969607,0.125882,-0.121472,-1.856663,1.372200,-0.458569,0.091055,-0.257576,-1.000000,-1.000000,3.000000,-1.500000,2.325090,0.356663
0.093931,0.514143,0.642104,2.966527,0.132990,-0.119078,-1.867052,1.372200,-0.354172,0.100862,-0.230592,-1.000000,-1.000000,3.000000,-1.500000,2.233887,0.367052
0.109972,0.410201,0.573962,2.963385,0.155660,-0.097883,-1.883395,1.180444,-0.185132,0.105396,-0.195581,-1.000000,-1.000000,3.000000,-1.500000,2.113614,0.383395
0.097245,0.310703,0.504977,2.961286,0.155112,-0.087288,-1.883228,0.958617,-0.055608,0.106437,-0.192480,-1.000000,-1.000000,3.000000,-1.500000,1.996095,0.383228
0.101896,0.207281,0.428491,2.959027,0.164373,-0.092695,-1.892513,0.805767,0.011089,0.111421,-0.158153,-1.000000,-1.000000,3.000000,-1.500000,1.870773,0.392513
0.099534,0.101500,0.344340,2.956198,0.172620,-0.076886,-1.898979,0.569424,0.111202,0.120304,-0.137350,-1.000000,-1.000000,3.000000,-1.500000,1.738526,0.398979
0.097173,-0.005560,0.251912,2.953642,0.176558,-0.069793,-1.907462,0.314576,0.194489,0.124624,-0.110538,-1.000000,-1.000000,3.000000,-1.500000,1.599482,0.407462
0.099462,-0.112469,0.151172,2.951863,0.188624,-0.059978,-1.917568,0.118018,0.219874,0.124309,-0.082452,-1.000000,-1.000000,3.000000,-1.500000,1.454382,0.417568
0.102042,-0.218492,0.042948,2.950002,0.190434,-0.039656,-1.922750,-0.067722,0.234105,0.128363,-0.063288,-1.000000,-1.000000,3.000000,-1.500000,1.304222,0.422750
0.098928,-0.321604,-0.072820,2.948020,0.198438,-0.013487,-1.925886,-0.336605,0.257427,0.133348,-0.042980,-1.000000,-1.000000,3.000000,-1.500000,1.150037,0.425886
0.098908,-0.417907,-0.194634,2.944797,0.176054,0.050837,-1.933861,-0.534569,0.213120,0.146055,-0.012399,-1.000000,-1.000000,3.000000,-1.500000,0.995236,0.433861
0.101645,-0.503308,-0.314344,2.940276,0.040434,0.117409,-1.928429,-0.583026,0.143305,0.161156,-0.008434,-1.000000,-1.000000,3.000000,-1.500000,0.848760,0.428429
0.099647,-0.574805,-0.427598,2.936695,-0.057203,0.123904,-1.926689,-0.637498,0.066097,0.164544,0.013944,-1.000000,-1.000000,3.000000,-1.500000,0.715851,0.426689
0.098773,-0.631015,-0.527899,2.934154,-0.067146,0.100968,-1.928100,-0.583190,-0.019598,0.164969,0.038002,-1.000000,-1.000000,3.000000,-1.500000,0.602798,0.428100
0.173317,-0.649591,-0.563213,2.933307,-0.072269,0.093189,-1.928214,0.364061,-0.173908,0.156781,0.071923,-1.000000,-1.000000,3.000000,-1.500000,0.563930,0.428214
0.026896,-0.704246,-0.677098,2.932908,-0.076079,0.074177,-1.935131,-1.372200,0.793178,0.162380,0.106909,-1.000000,-1.000000,3.000000,-1.500000,0.442987,0.435131
0.100889,-0.724945,-0.727060,2.935248,-0.079443,0.075108,-1.928810,-0.160838,-0.170541,0.139328,0.092292,-1.000000,-1.000000,3.000000,-1.500000,0.392867,0.428810
0.191236,-0.732082,-0.750463,2.937580,-0.070102,0.093699,-1.929450,0.250986,-0.200552,0.139724,0.137969,-1.000000,-1.000000,3.000000,-1.500000,0.371410,0.429450
0.013836,-0.733897,-0.756960,2.938404,-0.065168,0.098595,-1.929977,-0.140706,-0.237700,0.115403,0.144486,-1.000000,-1.000000,3.000000,-1.500000,0.365614,0.429977
0.094181,-0.729725,-0.794623,2.950423,-0.078958,0.078567,-1.925545,-0.042832,-0.406268,0.057848,0.152207,-1.000000,-1.000000,3.000000,-1.500000,0.343054,0.425545
0.114889,-0.718979,-0.792958,2.955579,-0.089179,0.062232,-1.921625,0.397352,-0.313129,0.086604,0.173656,-1.000000,-1.000000,3.000000,-1.500000,0.351870,0.421625
0.087570,-0.699663,-0.775523,2.964199,-0.068852,-0.004680,-1.917084,0.653605,-0.389255,0.043061,0.186086,-1.000000,-1.000000,3.000000,-1.500000,0.376661,0.417084
0.107321,-0.684986,-0.751131,2.973313,0.031296,-0.082502,-1.896514,0.675468,-0.314263,0.030520,0.178480,-1.000000,-1.000000,3.000000,-1.500000,0.402345,0.396514
0.100966,-0.680859,-0.735132,2.978036,0.107557,-0.114180,-1.881239,0.586643,-0.248036,0.038887,0.189937,-1.000000,-1.000000,3.000000,-1.500000,0.415317,0.381239
0.089689,-0.683366,-0.714252,2.983363,0.153165,-0.108803,-1.866860,0.658669,-0.153256,0.021760,0.194629,-1.000000,-1.000000,3.000000,-1.500000,0.426832,0.366860
0.198678,-0.696973,-0.707872,2.986462,0.165555,-0.084388,-1.856329,0.440447,-0.163014,0.036206,0.231119,-1.000000,-1.000000,3.000000,-1.500000,0.421127,0.356329
0.003372,-0.716243,-0.712375,2.988571,0.172236,-0.080872,-1.853777,-1.372200,1.011374,-0.259198,0.162343,-1.000000,-1.000000,3.000000,-1.500000,0.404199,0.353777
0.108052,-0.750377,-0.733520,2.990048,0.181387,-0.062941,-1.844844,0.088696,0.069715,0.029649,0.238476,-1.000000,-1.000000,3.000000,-1.500000,0.365270,0.344844
0.099139,-0.774791,-0.756955,2.989109,0.180583,-0.007203,-1.841580,0.035263,0.004384,0.042658,0.257014,-1.000000,-1.000000,3.000000,-1.500000,0.331525,0.341580
0.131182,-0.804608,-0.794719,2.985614,0.145399,0.061602,-1.834045,-0.060734,-0.009380,0.058144,0.270163,-1.000000,-1.000000,3.000000,-1.500000,0.283770,0.334045
0.065254,-0.830264,-0.837941,2.982844,0.075285,0.057879,-1.820237,-0.546804,0.080185,0.071458,0.255633,-1.000000,-1.000000,3.000000,-1.500000,0.235304,0.320237
0.149644,-0.850954,-0.884079,2.981278,0.050120,0.027698,-1.809422,-0.165676,-0.080062,0.059454,0.283399,-1.000000,-1.000000,3.000000,-1.500000,0.189744,0.309422
0.052625,-0.867818,-0.929998,2.979312,-0.017495,0.024658,-1.793774,-0.853708,-0.013800,0.076393,0.258205,-1.000000,-1.000000,3.000000,-1.500000,0.150998,0.293774
0.136385,-0.882164,-0.974675,2.977993,-0.079810,0.044189,-1.791689,-0.282705,-0.104803,0.065927,0.302671,-1.000000,-1.000000,3.000000,-1.500000,0.122519,0.291689
0.072457,-0.886702,-0.987526,2.977756,-0.100553,0.047057,-1.780435,-0.131209,-0.110829,0.063356,0.291007,-1.000000,-1.000000,3.000000,-1.500000,0.116132,0.280435
0.101613,-0.889522,-0.994300,2.978819,-0.102337,0.042912,-1.768608,-0.016394,-0.121088,0.054591,0.299425,-1.000000,-1.000000,3.000000,-1.500000,0.112635,0.268608
0.098318,-0.889738,-0.990700,2.981079,-0.100196,0.034680,-1.756569,0.100012,-0.126403,0.043903,0.302398,-1.000000,-1.000000,3.000000,-1.500000,0.112259,0.256569
0.112073,-0.887388,-0.969521,2.988555,-0.008619,0.002197,-1.741675,0.286650,-0.123185,0.007444,0.303840,-1.000000,-1.000000,3.000000,-1.500000,0.117224,0.241675
0.168640,-0.885900,-0.956917,2.991967,0.018494,-0.006504,-1.732023,0.176004,-0.132165,0.022519,0.322906,-1.000000,-1.000000,3.000000,-1.500000,0.122228,0.232023
0.029942,-0.884739,-0.929113,2.999119,0.067745,-0.021891,-1.706174,1.115455,-0.041940,-0.096747,0.230429,-1.000000,-1.000000,3.000000,-1.500000,0.135317,0.206174
0.105910,-0.886084,-0.911773,3.004203,0.099647,-0.018546,-1.689229,0.310920,-0.099353,-0.016574,0.295624,-1.000000,-1.000000,3.000000,-1.500000,0.144148,0.189229
0.075939,-0.890265,-0.905301,3.009765,0.181944,-0.025178,-1.673719,0.227339,-0.062343,-0.040765,0.286813,-1.000000,-1.000000,3.000000,-1.500000,0.145276,0.173719
0.101308,-0.896616,-0.908885,3.013702,0.192970,-0.022937,-1.665490,0.092575,-0.061812,-0.033590,0.300825,-1.000000,-1.000000,3.000000,-1.500000,0.138485,0.165490
0.124407,-0.907849,-0.930519,3.017755,0.160391,-0.020655,-1.652349,-0.083283,-0.035371,-0.040677,0.298299,-1.000000,-1.000000,3.000000,-1.500000,0.116768,0.152349
0.074666,-0.916556,-0.953009,3.019876,0.116477,-0.011756,-1.646582,-0.246973,-0.009486,-0.044205,0.302187,-1.000000,-1.000000,3.000000,-1.500000,0.097807,0.146582
0.099690,-0.928489,-0.986155,3.021779,0.063971,0.003955,-1.637656,-1.372200,1.277457,-1.372200,-0.792100,0.000000,0.000000,1.000000,-3.100000,2.433554,1.462344
0.100892,-0.938799,-1.019573,3.021437,0.000191,0.036863,-1.647257,-1.372200,1.044755,-1.372200,-0.792100,0.000000,0.000000,1.000000,-3.100000,2.450934,1.452743
0.101465,-0.941583,-1.042906,3.011564,-0.058618,0.122757,-1.685393,-1.372200,0.911727,-1.372200,-0.792100,0.000000,0.000000,1.000000,-3.100000,2.453696,1.414607
0.101343,-0.939437,-1.072196,2.975031,-0.044628,0.136321,-1.748433,-1.372200,0.762602,-1.372200,-0.792100,0.000000,0.000000,1.000000,-3.100000,2.435753,1.351567
0.101583,-0.926990,-1.087778,2.924003,-0.040161,0.130677,-1.802509,-1.372200,0.560323,-1.372200,-0.792100,0.000000,0.000000,1.000000,-3.100000,2.396740,1.297491
0.096696,-0.904922,-1.095527,2.858010,-0.039489,0.129788,-1.854099,-1.372200,0.367889,-1.372200,-0.792100,0.000000,0.000000,1.000000,-3.100000,2.339074,1.245901
0.112626,-0.869836,-1.095241,2.771739,-0.052006,0.119406,-1.910424,-1.352118,0.194570,-1.372200,-0.792100,0.000000,0.000000,1.000000,-3.100000,2.257261,1.189576
0.090365,-0.833500,-1.087650,2.692915,-0.059250,0.109505,-1.957483,-1.219574,0.040278,-1.372200,-0.792100,0.000000,0.000000,1.000000,-3.100000,2.177996,1.142517
0.095015,-0.785715,-1.071256,2.600565,-0.064079,0.101893,-2.008192,-1.050032,-0.118778,-1.372200,-0.792100,0.000000,0.000000,1.000000,-3.100000,2.080083,1.091808
0.100047,-0.731345,-1.046070,2.504811,-0.070096,0.091785,-2.061574,-0.894813,-0.212045,-1.372200,-0.792100,0.000000,0.000000,1.000000,-3.100000,1.973217,1.038426
0.106757,-0.671045,-1.011941,2.407312,-0.067304,0.081729,-2.114512,-0.742536,-0.277816,-1.372200,-0.792100,0.000000,0.000000,1.000000,-3.100000,1.858723,0.985488
0.093157,-0.606263,-0.968929,2.308863,-0.065204,0.077140,-2.168324,-0.443487,-0.379292,-1.372200,-0.792100,0.000000,0.000000,1.000000,-3.100000,1.737671,0.931676
0.100103,-0.537690,-0.917725,2.210784,-0.075902,0.063623,-2.218771,-0.298763,-0.385758,-1.372200,-0.792100,0.000000,0.000000,1.000000,-3.100000,1.611622,0.881229
0.109899,-0.473656,-0.864444,2.122960,-0.078615,0.052068,-2.267362,-0.283351,-0.350080,-1.372200,-0.792100,0.000000,0.000000,1.000000,-3.100000,1.494206,0.832638
0.089992,-0.394523,-0.790219,2.016673,-0.087379,0.031184,-2.319300,0.336870,-0.357398,-1.372200,-0.792100,0.000000,0.000000,1.000000,-3.100000,1.346744,0.780700
0.101738,-0.344378,-0.737854,1.950089,-0.075639,0.022978,-2.356802,-0.100361,-0.285090,-1.372200,-0.792100,0.000000,0.000000,1.000000,-3.100000,1.251277,0.743198
0.099185,-0.257404,-0.629818,1.829332,-0.076064,-0.050046,-2.423154,0.783376,-0.071950,-1.162863,-0.792100,0.000000,0.000000,1.000000,-3.100000,1.072716,0.676846
0.134212,-0.215815,-0.567188,1.765534,-0.059769,-0.085863,-2.453540,-0.031802,-0.154102,-1.372200,-0.792100,0.000000,0.000000,1.000000,-3.100000,0.976893,0.646460
0.066990,-0.155121,-0.452523,1.649457,0.081550,-0.146672,-2.490170,1.372200,0.578873,-0.541940,-0.792100,0.000000,0.000000,1.000000,-3.100000,0.806618,0.609830
0.134025,-0.130758,-0.394844,1.587397,0.130223,-0.129866,-2.524713,0.027761,-0.009131,-1.018751,-0.792100,0.000000,0.000000,1.000000,-3.100000,0.719746,0.575287
0.074432,-0.102194,-0.297217,1.475272,0.161365,-0.097570,-2.594111,0.787685,0.762208,-0.286930,-0.792100,0.000000,0.000000,1.000000,-3.100000,0.569794,0.505889
0.098701,-0.095960,-0.250201,1.416014,0.154769,-0.094528,-2.633667,0.050528,0.217699,-0.595957,-0.792100,0.000000,0.000000,1.000000,-3.100000,0.494850,0.466333
0.107666,-0.096526,-0.212651,1.361353,0.177575,-0.072759,-2.687544,-0.070091,0.166049,-0.526270,-0.792100,0.000000,0.000000,1.000000,-3.100000,0.430249,0.412456
0.093181,-0.104704,-0.187747,1.314017,0.167143,-0.070244,-2.742516,-0.192441,0.144052,-0.427448,-0.792100,0.000000,0.000000,1.000000,-3.100000,0.380550,0.357484
0.100069,-0.116853,-0.179009,1.277386,0.165348,-0.063296,-2.793963,-0.308555,-0.022021,-0.418863,-0.792100,0.000000,0.000000,1.000000,-3.100000,0.350202,0.306037
0.107990,-0.132460,-0.182977,1.248060,0.173162,-0.058957,-2.847102,-0.386799,-0.157879,-0.402848,-0.792100,0.000000,0.000000,1.000000,-3.100000,0.335499,0.252898
0.095037,-0.148044,-0.196714,1.226680,0.169772,-0.047686,-2.892228,-0.448163,-0.292448,-0.380528,-0.769730,0.000000,0.000000,1.000000,-3.100000,0.334660,0.207772
0.109587,-0.163240,-0.217415,1.209365,0.126768,-0.010609,-2.939714,-0.437325,-0.384196,-0.376406,-0.740612,0.000000,0.000000,1.000000,-3.100000,0.343148,0.160286
0.087933,-0.178356,-0.249599,1.191674,0.038009,0.029383,-2.999410,-0.497067,-0.625032,-0.318914,-0.675425,0.000000,0.000000,1.000000,-3.100000,0.361731,0.100590
0.118463,-0.184349,-0.274957,1.180712,-0.013914,0.036671,-3.039993,-0.334397,-0.522251,-0.347936,-0.679419,0.000000,0.000000,1.000000,-3.100000,0.377151,0.060007
0.085010,-0.183359,-0.294017,1.173302,-0.029280,0.027558,-3.079284,-0.247820,-0.570706,-0.335051,-0.640546,0.000000,0.000000,1.000000,-3.100000,0.387428,0.020716
0.116717,-0.173151,-0.306254,1.168370,-0.029770,0.005293,-3.131010,-0.124285,-0.468823,-0.346215,-0.604599,0.000000,0.000000,1.000000,-3.100000,0.390027,0.031010
0.077983,-0.164451,-0.307821,1.166134,-0.038900,0.003652,3.122571,-0.076733,-0.382326,-0.348033,-0.587824,0.000000,0.000000,1.000000,-3.100000,0.386520,0.060615
0.100093,-0.148368,-0.301854,1.163975,-0.045900,-0.011851,3.088085,0.001645,-0.289060,-0.346931,-0.562644,0.000000,0.000000,1.000000,-3.100000,0.374188,0.095100
0.101691,-0.132158,-0.289752,1.161689,-0.043062,-0.013079,3.055268,0.020631,-0.210843,-0.341729,-0.535703,0.000000,0.000000,1.000000,-3.100000,0.357163,0.127917
0.101619,-0.110502,-0.265558,1.159116,-0.044665,-0.032136,3.017611,0.090029,-0.046947,-0.335008,-0.496888,0.000000,0.000000,1.000000,-3.100000,0.328709,0.165574
0.103601,-0.089356,-0.233859,1.154783,-0.020969,-0.048070,2.992104,0.088332,0.063395,-0.318097,-0.481672,0.000000,0.000000,1.000000,-3.100000,0.294334,0.191081
0.100585,-0.072944,-0.204744,1.149924,0.026133,-0.060751,2.969915,0.058746,0.074502,-0.304878,-0.458501,0.000000,0.000000,1.000000,-3.100000,0.264042,0.213270
0.101135,-0.055633,-0.168777,1.142662,0.054657,-0.068605,2.933468,0.060023,0.189910,-0.278520,-0.407715,0.000000,0.000000,1.000000,-3.100000,0.227889,0.249718
0.106476,-0.042576,-0.137746,1.135091,0.077350,-0.075835,2.915613,0.027527,0.148050,-0.263071,-0.400274,0.000000,0.000000,1.000000,-3.100000,0.197576,0.267572
0.101885,-0.031881,-0.108450,1.125693,0.079047,-0.071986,2.897722,0.011067,0.173488,-0.233396,-0.373268,0.000000,0.000000,1.000000,-3.100000,0.169046,0.285464
0.089128,-0.026241,-0.088899,1.117076,0.095146,-0.075892,2.875684,-0.016403,0.113340,-0.213310,-0.338047,0.000000,0.000000,1.000000,-3.100000,0.149326,0.307501
0.116608,-0.021611,-0.069184,1.106693,0.087761,-0.076225,2.863983,-0.028291,0.076186,-0.195320,-0.326365,0.000000,0.000000,1.000000,-3.100000,0.128984,0.319202
0.100467,-0.020669,-0.060216,1.099717,0.081071,-0.069853,2.845436,-0.037697,-0.006233,-0.190135,-0.289276,0.000000,0.000000,1.000000,-3.100000,0.118307,0.337749
0.088887,-0.020972,-0.052798,1.092251,0.075615,-0.068612,2.840039,-0.051634,-0.008880,-0.167626,-0.282962,0.000000,0.000000,1.000000,-3.100000,0.108341,0.343146
0.089236,-0.023683,-0.048921,1.084676,0.065724,-0.067885,2.825316,-0.069754,-0.056412,-0.151413,-0.247565,0.000000,0.000000,1.000000,-3.100000,0.100619,0.357869
0.101776,-0.026864,-0.047305,1.078479,0.060137,-0.045738,2.812565,-0.064180,-0.085069,-0.149949,-0.224622,0.000000,0.000000,1.000000,-3.100000,0.095490,0.370620
0.102062,-0.030868,-0.047564,1.072644,0.053105,-0.050021,2.804540,-0.841195,-1.372200,1.372200,-0.345458,1.000000,1.000000,2.000000,3.100000,1.737834,0.295460
0.100616,-0.034537,-0.048108,1.067750,0.040746,-0.035052,2.796512,-0.721280,-1.372200,1.372200,-0.247045,1.000000,1.000000,2.000000,3.100000,1.742954,0.303488
0.100221,-0.033247,-0.047576,1.072406,0.007825,0.030766,2.776890,-0.645222,-1.372200,1.372200,-0.206895,1.000000,1.000000,2.000000,3.100000,1.739381,0.323110
0.097875,-0.026162,-0.043809,1.100271,-0.007765,0.043914,2.769249,-0.581630,-1.372200,1.372200,-0.197537,1.000000,1.000000,2.000000,3.100000,1.718155,0.330751
0.108309,-0.007821,-0.033712,1.153173,-0.007607,0.038462,2.757964,-0.476624,-1.320337,1.372200,-0.169618,1.000000,1.000000,2.000000,3.100000,1.673732,0.342036
0.098816,0.017912,-0.018830,1.219263,-0.015709,0.026782,2.756906,-0.387896,-1.201603,1.323509,-0.161799,1.000000,1.000000,2.000000,3.100000,1.616187,0.343094
0.091972,0.046660,-0.001294,1.290141,-0.024779,0.032215,2.755532,-0.328832,-1.111843,1.127156,-0.145430,1.000000,1.000000,2.000000,3.100000,1.554139,0.344468
0.111022,0.089408,0.027349,1.388123,-0.036950,0.024631,2.753336,-0.250601,-0.969897,0.869504,-0.125208,1.000000,1.000000,2.000000,3.100000,1.466159,0.346664
0.096796,0.134326,0.060037,1.484628,-0.039604,0.019901,2.749374,-0.169628,-0.807999,0.613715,-0.104341,1.000000,1.000000,2.000000,3.100000,1.377872,0.350626
0.112647,0.184140,0.099693,1.582438,-0.053002,0.025436,2.748604,-0.163140,-0.742496,0.471280,-0.088331,1.000000,1.000000,2.000000,3.100000,1.284733,0.351396
0.088624,0.237918,0.145268,1.674218,-0.066609,0.019236,2.748280,-0.031470,-0.445936,0.200096,-0.073647,1.000000,1.000000,2.000000,3.100000,1.190576,0.351720
0.102494,0.294942,0.196942,1.754065,-0.059223,0.017302,2.744068,-0.040061,-0.401443,0.156151,-0.049840,1.000000,1.000000,2.000000,3.100000,1.096582,0.355932
0.089971,0.349169,0.248449,1.813086,-0.070448,0.023267,2.745213,0.009746,-0.240297,0.091859,-0.040687,1.000000,1.000000,2.000000,3.100000,1.011605,0.354787
0.107511,0.418076,0.317674,1.865561,-0.075194,0.013087,2.743456,0.058023,-0.055562,0.062648,-0.018517,1.000000,1.000000,2.000000,3.100000,0.906795,0.356544
0.100609,0.482908,0.386804,1.898002,-0.082379,-0.005134,2.745089,0.079333,0.084861,0.074102,-0.005872,1.000000,1.000000,2.000000,3.100000,0.808577,0.354911
0.098984,0.548137,0.460039,1.918455,-0.055630,-0.039047,2.749419,0.107512,0.243243,0.086763,0.004903,1.000000,1.000000,2.000000,3.100000,0.708793,0.350581
0.100075,0.610641,0.532998,1.928567,0.038926,-0.099549,2.746925,0.109399,0.317632,0.116090,0.029968,1.000000,1.000000,2.000000,3.100000,0.612204,0.353075
0.100323,0.667820,0.602382,1.931767,0.096481,-0.130313,2.749855,0.100035,0.350932,0.142436,0.039366,1.000000,1.000000,2.000000,3.100000,0.522589,0.350145
0.099015,0.715820,0.662741,1.930111,0.127693,-0.154038,2.756671,0.074383,0.314444,0.169097,0.046909,1.000000,1.000000,2.000000,3.100000,0.446527,0.343329
0.099972,0.753066,0.710991,1.925309,0.149886,-0.156287,2.758682,0.032084,0.206410,0.194053,0.066345,1.000000,1.000000,2.000000,3.100000,0.387403,0.341318
0.100602,0.779421,0.746458,1.919672,0.146488,-0.142975,2.759795,-0.013664,0.078805,0.209620,0.082648,1.000000,1.000000,2.000000,3.100000,0.345530,0.340205
0.100936,0.795879,0.769287,1.914188,0.133284,-0.127934,2.754683,-0.054052,-0.057382,0.220243,0.108643,1.000000,1.000000,2.000000,3.100000,0.319777,0.345317
0.098283,0.804569,0.781062,1.909390,0.100904,-0.108644,2.754323,-0.081197,-0.178073,0.227609,0.120473,1.000000,1.000000,2.000000,3.100000,0.307144,0.345677
0.101645,0.807786,0.785545,1.905555,0.074992,-0.086943,2.753676,-0.105382,-0.270609,0.230306,0.137855,1.000000,1.000000,2.000000,3.100000,0.303079,0.346324
0.099208,0.807584,0.785084,1.902441,0.054849,-0.068777,2.749192,-0.117582,-0.333848,0.233776,0.161193,1.000000,1.000000,2.000000,3.100000,0.304517,0.350808
0.099355,0.806273,0.782219,1.901329,0.035275,-0.053104,2.753336,-0.120362,-0.365344,0.226449,0.166271,1.000000,1.000000,2.000000,3.100000,0.307726,0.346664
0.102082,0.805747,0.780251,1.902325,0.002352,-0.037615,2.760686,-0.118581,-0.353893,0.214372,0.174644,1.000000,1.000000,2.000000,3.100000,0.309135,0.339314
0.098449,0.806939,0.780813,1.904190,-0.026211,-0.015980,2.771103,-0.113704,-0.319892,0.206100,0.179473,1.000000,1.000000,2.000000,3.100000,0.307401,0.328897
0.100075,0.811087,0.785705,1.907238,-0.023877,-0.014155,2.770639,-0.098737,-0.258734,0.194250,0.206010,1.000000,1.000000,2.000000,3.100000,0.300359,0.329361
0.101415,0.819084,0.795570,1.911836,-0.028660,-0.011341,2.779086,-0.077482,-0.181982,0.177556,0.207093,1.000000,1.000000,2.000000,3.100000,0.286871,0.320914
0.102097,0.827635,0.806999,1.916091,-0.013657,-0.017228,2.779645,-0.073946,-0.150475,0.170439,0.229664,1.000000,1.000000,2.000000,3.100000,0.272029,0.320355
0.096246,0.843689,0.828017,1.922700,0.006401,-0.027879,2.785135,-0.022729,0.015598,0.143779,0.235239,1.000000,1.000000,2.000000,3.100000,0.244921,0.314865
0.099176,0.859527,0.848529,1.927922,0.014533,-0.032051,2.804019,-0.016683,0.028448,0.140537,0.223174,1.000000,1.000000,2.000000,3.100000,0.218795,0.295981
0.101395,0.875805,0.869555,1.932193,0.037373,-0.053495,2.804492,-0.006895,0.056661,0.136662,0.254865,1.000000,1.000000,2.000000,3.100000,0.192453,0.295508
0.098392,0.890981,0.887993,1.935853,0.031032,-0.060811,2.816499,0.003437,0.058438,0.131389,0.248439,1.000000,1.000000,2.000000,3.100000,0.168955,0.283501
0.103919,0.907715,0.909071,1.939781,0.041138,-0.068923,2.828098,0.016144,0.103744,0.122910,0.254735,1.000000,1.000000,2.000000,3.100000,0.142867,0.271902
0.102833,0.921650,0.925906,1.943653,0.056393,-0.072623,2.834537,0.012272,0.077271,0.114906,0.267880,1.000000,1.000000,2.000000,3.100000,0.121670,0.265463
0.104019,0.933624,0.939469,1.947881,0.061074,-0.072123,2.841978,0.010538,0.054406,0.104668,0.274547,1.000000,1.000000,2.000000,3.100000,0.103856,0.258022
0.103447,0.943284,0.949597,1.952062,0.079716,-0.077765,2.849653,0.005514,0.027725,0.096062,0.281206,1.000000,1.000000,2.000000,3.100000,0.089750,0.250347
0.099758,0.951054,0.956523,1.957235,0.061648,-0.079223,2.862719,0.941457,1.372200,1.372200,-0.792100,-1.000000,-1.000000,3.000000,1.500000,2.953295,1.362719
0.103098,0.955601,0.959271,1.962405,0.052826,-0.081288,2.868169,0.950691,1.372200,1.372200,-0.792100,-1.000000,-1.000000,3.000000,1.500000,2.956302,1.368169
0.087363,0.951638,0.956398,1.971801,0.101444,-0.172037,2.834905,0.893901,1.372200,1.372200,-0.792100,-1.000000,-1.000000,3.000000,1.500000,2.948487,1.334905
0.098538,0.938276,0.947669,1.999267,0.117255,-0.190642,2.784700,0.806335,1.372200,1.372200,-0.792100,-1.000000,-1.000000,3.000000,1.500000,2.924345,1.284700
0.120545,0.907190,0.928429,2.051545,0.117171,-0.192322,2.723695,0.697221,1.372200,1.372200,-0.792100,-1.000000,-1.000000,3.000000,1.500000,2.873287,1.223695
0.087259,0.863994,0.902694,2.116011,0.112960,-0.198021,2.675781,0.609682,1.372200,1.372200,-0.792100,-1.000000,-1.000000,3.000000,1.500000,2.806448,1.175781
0.103073,0.807337,0.869320,2.192844,0.120897,-0.191502,2.611981,0.490980,1.372200,1.342005,-0.792100,-1.000000,-1.000000,3.000000,1.500000,2.722558,1.111981
0.102639,0.739183,0.829456,2.279154,0.112543,-0.199144,2.575211,0.274402,1.372200,1.116522,-0.792100,-1.000000,-1.000000,3.000000,1.500000,2.625126,1.075211
0.089461,0.667253,0.787515,2.361352,0.122455,-0.200051,2.531199,0.007803,1.372200,0.907985,-0.792100,-1.000000,-1.000000,3.000000,1.500000,2.526423,1.031199
0.107542,0.568231,0.729476,2.465290,0.118330,-0.194198,2.486759,-0.220059,1.372200,0.668586,-0.792100,-1.000000,-1.000000,3.000000,1.500000,2.395068,0.986759
0.097286,0.468808,0.669224,2.559042,0.128815,-0.183950,2.441109,-0.356352,1.229758,0.474512,-0.792100,-1.000000,-1.000000,3.000000,1.500000,2.266748,0.941109
0.100912,0.362483,0.602417,2.644776,0.143821,-0.179969,2.390006,-0.446994,1.021618,0.350272,-0.792100,-1.000000,-1.000000,3.000000,1.500000,2.133140,0.890006
0.099933,0.251616,0.528726,2.715659,0.150058,-0.173001,2.340567,-0.506784,0.757033,0.269494,-0.792100,-1.000000,-1.000000,3.000000,1.500000,1.996095,0.840567
0.100054,0.137113,0.448567,2.768802,0.161790,-0.167884,2.286900,-0.535626,0.504784,0.243774,-0.792100,-1.000000,-1.000000,3.000000,1.500000,1.856023,0.786900
0.100962,0.020992,0.361464,2.804765,0.155992,-0.153255,2.245325,-0.513216,0.278718,0.252333,-0.792100,-1.000000,-1.000000,3.000000,1.500000,1.712929,0.745325
0.101911,-0.096423,0.267235,2.825919,0.165096,-0.134786,2.195227,-0.465392,0.049091,0.279196,-0.792100,-1.000000,-1.000000,3.000000,1.500000,1.566091,0.695227
0.106520,-0.213138,0.165623,2.835133,0.171778,-0.114306,2.144864,-0.384160,-0.106656,0.317787,-0.792100,-1.000000,-1.000000,3.000000,1.500000,1.415983,0.644864
0.091042,-0.327137,0.055899,2.835689,0.172884,-0.083431,2.094654,-0.187537,-0.572771,0.355011,-0.792100,-1.000000,-1.000000,3.000000,1.500000,1.262801,0.594654
0.099896,-0.435545,-0.061263,2.831140,0.162901,-0.032229,2.046759,-0.049597,-0.568446,0.389149,-0.792100,-1.000000,-1.000000,3.000000,1.500000,1.108310,0.546759
0.098495,-0.532414,-0.182844,2.825689,0.101046,0.056060,1.996671,0.160886,-0.648119,0.405187,-0.792100,-1.000000,-1.000000,3.000000,1.500000,0.957479,0.496671
0.100518,-0.615316,-0.302221,2.821630,-0.011632,0.076921,1.955651,0.290979,-0.595994,0.406507,-0.792100,-1.000000,-1.000000,3.000000,1.500000,0.816513,0.455651
0.099624,-0.681625,-0.414951,2.817936,-0.051832,0.064925,1.906334,0.411159,-0.507817,0.412632,-0.792100,-1.000000,-1.000000,3.000000,1.500000,0.690502,0.406334
0.099813,-0.731238,-0.516106,2.816696,-0.065697,0.058737,1.857083,0.455093,-0.360082,0.403446,-0.792100,-1.000000,-1.000000,3.000000,1.500000,0.583084,0.357083
0.102067,-0.767106,-0.603095,2.818632,-0.083056,0.043302,1.806297,0.423597,-0.203855,0.384421,-0.792100,-1.000000,-1.000000,3.000000,1.500000,0.494639,0.306297
0.098733,-0.791213,-0.675831,2.824083,-0.100888,0.030573,1.756513,0.405164,-0.086649,0.355761,-0.792100,-1.000000,-1.000000,3.000000,1.500000,0.423821,0.256513
0.099494,-0.805608,-0.733843,2.832363,-0.113893,0.011469,1.706529,0.320172,0.037918,0.325132,-0.766219,-1.000000,-1.000000,3.000000,1.500000,0.369771,0.206529
0.100335,-0.812580,-0.777028,2.842516,-0.125074,-0.002470,1.658683,0.207748,0.136375,0.295384,-0.735315,-1.000000,-1.000000,3.000000,1.500000,0.331125,0.158683
0.101657,-0.813952,-0.805943,2.853901,-0.132359,-0.015561,1.605870,0.076973,0.210153,0.266502,-0.694403,-1.000000,-1.000000,3.000000,1.500000,0.305969,0.105870
0.098933,-0.810834,-0.821388,2.866069,-0.139092,-0.029640,1.567659,-0.052334,0.264289,0.235884,-0.680562,-1.000000,-1.000000,3.000000,1.500000,0.292615,0.067659
0.099482,-0.806324,-0.823334,2.877756,-0.137993,-0.050227,1.517189,-0.210993,0.273256,0.214159,-0.633755,-1.000000,-1.000000,3.000000,1.500000,0.289249,0.017189
0.099478,-0.802640,-0.814464,2.888404,-0.111898,-0.089542,1.487893,-0.344432,0.251595,0.196944,-0.633194,-1.000000,-1.000000,3.000000,1.500000,0.292965,0.012107
0.100415,-0.802814,-0.798924,2.897068,-0.034906,-0.122206,1.447571,-0.435777,0.185275,0.188796,-0.592314,-1.000000,-1.000000,3.000000,1.500000,0.299848,0.052429
0.099867,-0.809228,-0.781109,2.904513,0.023642,-0.137943,1.414419,-0.474287,0.090606,0.178881,-0.571837,-1.000000,-1.000000,3.000000,1.500000,0.305655,0.085581
0.101113,-0.822462,-0.767891,2.911354,0.068159,-0.136200,1.395907,-0.424637,0.003603,0.167909,-0.568239,-1.000000,-1.000000,3.000000,1.500000,0.305372,0.104093
0.108774,-0.845149,-0.762728,2.918732,0.100489,-0.116616,1.364926,-0.320421,-0.098149,0.152449,-0.529919,-1.000000,-1.000000,3.000000,1.500000,0.294756,0.135074
0.091971,-0.868661,-0.767988,2.925224,0.098620,-0.086553,1.337865,-0.185194,-0.153526,0.137596,-0.503087,-1.000000,-1.000000,3.000000,1.500000,0.276895,0.162135
0.100670,-0.896927,-0.783531,2.932452,0.086931,-0.075955,1.309951,-0.048836,-0.183044,0.121960,-0.476195,-1.000000,-1.000000,3.000000,1.500000,0.249090,0.190049
0.099140,-0.926187,-0.807489,2.940187,0.053745,-0.053581,1.283687,0.084124,-0.195568,0.102864,-0.448917,-1.000000,-1.000000,3.000000,1.500000,0.214678,0.216313
0.108798,-0.956459,-0.839745,2.949029,0.011409,-0.041618,1.259748,0.182603,-0.178757,0.082881,-0.424159,-1.000000,-1.000000,3.000000,1.500000,0.173711,0.240252
0.100421,-0.980845,-0.871221,2.956748,-0.013460,-0.019906,1.238041,0.232110,-0.146708,0.068893,-0.396941,-1.000000,-1.000000,3.000000,1.500000,0.137192,0.261959
0.092538,-0.999135,-0.898998,2.963174,-0.028782,-0.008231,1.216954,0.240088,-0.109354,0.059041,-0.368712,-1.000000,-1.000000,3.000000,1.500000,0.107510,0.283046
0.109395,-1.015999,-0.930618,2.970946,-0.051662,-0.000201,1.198615,0.253306,-0.072341,0.042079,-0.346094,-1.000000,-1.000000,3.000000,1.500000,0.076902,0.301385
