t,u,y,cross1,cross2
0.0,0.0,-0.04072115570306778,0.0,0.0
0.004166666666666667,0.0,-0.0807088166475296,0.0,0.0
0.008333333333333333,0.0,-0.11952421814203262,0.0,0.0
0.0125,0.0,-0.15681280195713043,0.0,0.0
0.016666666666666666,0.0,-0.19229675829410553,0.0,0.0
0.020833333333333332,0.0,-0.2257671058177948,0.0,0.0
0.025,0.0,-0.25707584619522095,0.0,0.0
0.029166666666666667,0.0,-0.28612813353538513,0.0,0.0
0.03333333333333333,0.0,-0.3128749132156372,0.0,0.0
0.0375,0.0,-0.3373059332370758,0.0,0.0
0.041666666666666664,0.0,-0.35944312810897827,0.0,0.0
0.04583333333333333,0.0,-0.3793348968029022,0.0,0.0
0.05,0.0,-0.3970506191253662,0.0,0.0
0.05416666666666667,0.0,-0.41267597675323486,0.0,0.0
0.058333333333333334,0.0,-0.42630884051322937,0.0,0.0
0.0625,0.0,-0.4380556046962738,0.0,0.0
0.06666666666666667,0.0,-0.44802817702293396,0.0,0.0
0.07083333333333333,0.0,-0.45634129643440247,0.0,0.0
0.075,0.0,-0.4631105363368988,0.0,0.0
0.07916666666666666,0.0,-0.4684503674507141,0.0,0.0
0.08333333333333333,0.0,-0.4724729359149933,0.0,0.0
0.0875,0.0,-0.4752868413925171,0.0,0.0
0.09166666666666666,0.0,-0.47699642181396484,0.0,0.0
0.09583333333333333,0.0,-0.47770100831985474,0.0,0.0
0.1,0.0,-0.4774947762489319,0.0,0.0
0.10416666666666667,0.0,-0.47646620869636536,0.0,0.0
0.10833333333333334,0.0,-0.4746982157230377,0.0,0.0
0.1125,0.0,-0.47226810455322266,0.0,0.0
0.11666666666666667,0.0,-0.4692475199699402,0.0,0.0
0.12083333333333333,0.0,-0.46570271253585815,0.0,0.0
0.125,0.0,-0.46169477701187134,0.0,0.0
0.12916666666666665,0.0,-0.4572798013687134,0.0,0.0
0.13333333333333333,0.0,-0.4525090754032135,0.0,0.0
0.1375,0.0,-0.4474295675754547,0.0,0.0
0.14166666666666666,0.0,-0.4420839548110962,0.0,0.0
0.14583333333333334,0.0,-0.4365110993385315,0.0,0.0
0.15,0.0,-0.4307461977005005,0.0,0.0
0.15416666666666667,0.0,-0.4248211085796356,0.0,0.0
0.15833333333333333,0.0,-0.418764591217041,0.0,0.0
0.1625,0.0,-0.41260260343551636,0.0,0.0
0.16666666666666666,0.0,-0.4063584506511688,0.0,0.0
0.17083333333333334,0.0,-0.4000530540943146,0.0,0.0
0.175,0.0,-0.3937051296234131,0.0,0.0
0.17916666666666667,0.0,-0.38733145594596863,0.0,0.0
0.18333333333333332,0.0,-0.3809469938278198,0.0,0.0
0.1875,0.0,-0.3745650053024292,0.0,0.0
0.19166666666666665,0.0,-0.3681972920894623,0.0,0.0
0.19583333333333333,0.0,-0.36185431480407715,0.0,0.0
0.2,0.0,-0.3555452525615692,0.0,0.0
0.20416666666666666,0.0,-0.3492782413959503,0.0,0.0
0.20833333333333334,0.0,-0.3430604040622711,0.0,0.0
0.2125,0.0,-0.33689790964126587,0.0,0.0
0.21666666666666667,0.0,-0.33079615235328674,0.0,0.0
0.22083333333333333,0.0,-0.3247598111629486,0.0,0.0
0.225,0.0,-0.31879284977912903,0.0,0.0
0.22916666666666666,0.0,-0.312898725271225,0.0,0.0
0.23333333333333334,0.0,-0.30708029866218567,0.0,0.0
0.2375,0.0,-0.30133992433547974,0.0,0.0
0.24166666666666667,0.0,-0.29567965865135193,0.0,0.0
0.24583333333333332,0.0,-0.290101021528244,0.0,0.0
0.25,0.0,-0.28460532426834106,0.0,0.0
0.25416666666666665,0.0,-0.2791934907436371,0.0,0.0
0.2583333333333333,0.0,-0.2738661766052246,0.0,0.0
0.2625,0.0,-0.26862385869026184,0.0,0.0
0.26666666666666666,0.0,-0.2634667456150055,0.0,0.0
0.2708333333333333,0.0,-0.25839489698410034,0.0,0.0
0.275,0.0,-0.25340813398361206,0.0,0.0
0.2791666666666667,0.0,-0.24850623309612274,0.0,0.0
0.2833333333333333,0.0,-0.24368873238563538,0.0,0.0
0.2875,0.0,-0.23895512521266937,0.0,0.0
0.2916666666666667,0.0,-0.23430480062961578,0.0,0.0
0.29583333333333334,0.0,-0.2297370284795761,0.0,0.0
0.3,0.0,-0.22525103390216827,0.0,0.0
0.30416666666666664,0.0,-0.22084593772888184,0.0,0.0
0.30833333333333335,0.0,-0.21652086079120636,0.0,0.0
0.3125,0.0,-0.21227481961250305,0.0,0.0
0.31666666666666665,0.0,-0.20810683071613312,0.0,0.0
0.3208333333333333,0.0,-0.2040158361196518,0.0,0.0
0.325,0.0,-0.2000008076429367,0.0,0.0
0.32916666666666666,0.0,-0.1960606426000595,0.0,0.0
0.3333333333333333,0.0,-0.19219423830509186,0.0,0.0
0.3375,0.0,-0.1884004920721054,0.0,0.0
0.3416666666666667,0.0,-0.18467824161052704,0.0,0.0
0.3458333333333333,0.0,-0.1810263991355896,0.0,0.0
0.35,0.0,-0.17744380235671997,0.0,0.0
0.3541666666666667,0.0,-0.17392930388450623,0.0,0.0
0.35833333333333334,0.0,-0.17048180103302002,0.0,0.0
0.3625,0.0,-0.16710011661052704,0.0,0.0
0.36666666666666664,0.0,-0.16378316283226013,0.0,0.0
0.37083333333333335,0.0,-0.16052977740764618,0.0,0.0
0.375,0.0,-0.15733888745307922,0.0,0.0
0.37916666666666665,0.0,-0.15420936048030853,0.0,0.0
0.3833333333333333,0.0,-0.15114009380340576,0.0,0.0
0.3875,0.0,-0.14813002943992615,0.0,0.0
0.39166666666666666,0.0,-0.14517807960510254,0.0,0.0
0.3958333333333333,0.0,-0.14228320121765137,0.0,0.0
0.4,0.0,-0.13944432139396667,0.0,0.0
0.4041666666666667,0.0,-0.13666042685508728,0.0,0.0
0.4083333333333333,0.0,-0.1339304894208908,0.0,0.0
0.4125,0.0,-0.13125351071357727,0.0,0.0
0.4166666666666667,0.0,-0.12862850725650787,0.0,0.0
0.42083333333333334,0.0,-0.12605449557304382,0.0,0.0
0.425,0.0,-0.12353051453828812,0.0,0.0
0.42916666666666664,0.0,-0.12105562537908554,0.0,0.0
0.43333333333333335,0.0,-0.11862889677286148,0.0,0.0
0.4375,0.0,-0.11624941974878311,0.0,0.0
0.44166666666666665,0.0,-0.11391628533601761,0.0,0.0
0.4458333333333333,0.0,-0.11162861436605453,0.0,0.0
0.45,0.0,-0.10938553512096405,0.0,0.0
0.45416666666666666,0.0,-0.1071861982345581,0.0,0.0
0.4583333333333333,0.0,-0.10502976179122925,0.0,0.0
0.46249999999999997,0.0,-0.10291540622711182,0.0,0.0
0.4666666666666667,0.0,-0.10084231942892075,0.0,0.0
0.4708333333333333,0.0,-0.09880970418453217,0.0,0.0
0.475,0.0,-0.096816785633564,0.0,0.0
0.4791666666666667,0.0,-0.09486278891563416,0.0,0.0
0.48333333333333334,0.0,-0.09294696897268295,0.0,0.0
0.4875,0.0,-0.0910685807466507,0.0,0.0
0.49166666666666664,0.0,-0.08922690153121948,0.0,0.0
0.49583333333333335,0.0,-0.0874212235212326,0.0,0.0
0.5,0.2,-0.08117711544036865,0.0,0.0
0.5041666666666667,0.2,-0.07513164728879929,0.0,0.0
0.5083333333333333,0.2,-0.06927324831485748,0.0,0.0
0.5125,0.2,-0.063591368496418,0.0,0.0
0.5166666666666666,0.2,-0.058076340705156326,0.0,0.0
0.5208333333333334,0.2,-0.052719343453645706,0.0,0.0
0.525,0.2,-0.047512274235486984,0.0,0.0
0.5291666666666667,0.2,-0.04244770109653473,0.0,0.0
0.5333333333333333,0.2,-0.03751879185438156,0.0,0.0
0.5375,0.2,-0.032719243317842484,0.0,0.0
0.5416666666666666,0.2,-0.028043260797858238,0.0,0.0
0.5458333333333333,0.2,-0.023485470563173294,0.0,0.0
0.55,0.2,-0.019040914252400398,0.0,0.0
0.5541666666666667,0.2,-0.014704984612762928,0.0,0.0
0.5583333333333333,0.2,-0.010473407804965973,0.0,0.0
0.5625,0.2,-0.0063422066159546375,0.0,0.0
0.5666666666666667,0.2,-0.002307673916220665,0.0,0.0
0.5708333333333333,0.2,0.0016336520202457905,0.0,0.0
0.575,0.2,0.005485008005052805,0.0,0.0
0.5791666666666666,0.2,0.009249419905245304,0.0,0.0
0.5833333333333334,0.2,0.012929728254675865,0.0,0.0
0.5875,0.2,0.016528604552149773,0.0,0.0
0.5916666666666667,0.2,0.020048566162586212,0.0,0.0
0.5958333333333333,0.2,0.02349199168384075,0.0,0.0
0.6,0.2,0.026861127465963364,0.0,0.0
0.6041666666666666,0.2,0.030158106237649918,0.0,0.0
0.6083333333333333,0.2,0.03338494896888733,0.0,0.0
0.6125,0.2,0.036543574184179306,0.0,0.0
0.6166666666666667,0.2,0.03963581845164299,0.0,0.0
0.6208333333333333,0.2,0.04266342148184776,0.0,0.0
0.625,0.2,0.045628055930137634,0.0,0.0
0.6291666666666667,0.2,0.04853131249547005,0.0,0.0
0.6333333333333333,0.2,0.05137472599744797,0.0,0.0
0.6375,0.2,0.054159753024578094,0.0,0.0
0.6416666666666666,0.2,0.05688780918717384,0.0,0.0
0.6458333333333334,0.2,0.05956024304032326,0.0,0.0
0.65,0.2,0.062178365886211395,0.0,0.0
0.6541666666666667,0.2,0.06474342942237854,0.0,0.0
0.6583333333333333,0.2,0.06725665181875229,0.0,0.0
0.6625,0.2,0.06971920281648636,0.0,0.0
0.6666666666666666,0.2,0.07213222235441208,0.0,0.0
0.6708333333333333,0.2,0.0744968056678772,0.0,0.0
0.675,0.2,0.07681401073932648,0.0,0.0
0.6791666666666667,0.2,0.07908487319946289,0.0,0.0
0.6833333333333333,0.2,0.08131039887666702,0.0,0.0
0.6875,0.2,0.08349155634641647,0.0,0.0
0.6916666666666667,0.2,0.08562929183244705,0.0,0.0
0.6958333333333333,0.2,0.08772451430559158,0.0,0.0
0.7,0.2,0.08977814018726349,0.0,0.0
0.7041666666666666,0.2,0.09179101884365082,0.0,0.0
0.7083333333333334,0.2,0.09376400709152222,0.0,0.0
0.7125,0.2,0.09569793194532394,0.0,0.0
0.7166666666666667,0.2,0.09759359061717987,0.0,0.0
0.7208333333333333,0.2,0.09945178776979446,0.0,0.0
0.725,0.2,0.10127326846122742,0.0,0.0
0.7291666666666666,0.2,0.10305879265069962,0.0,0.0
0.7333333333333333,0.2,0.10480909794569016,0.0,0.0
0.7375,0.2,0.10652488470077515,0.0,0.0
0.7416666666666667,0.2,0.1082068607211113,0.0,0.0
0.7458333333333333,0.2,0.10985569655895233,0.0,0.0
0.75,0.2,0.11147207021713257,0.0,0.0
0.7541666666666667,0.2,0.11305662989616394,0.0,0.0
0.7583333333333333,0.2,0.11461000889539719,0.0,0.0
0.7625,0.2,0.11613283306360245,0.0,0.0
0.7666666666666666,0.2,0.11762572079896927,0.0,0.0
0.7708333333333334,0.2,0.11908925324678421,0.0,0.0
0.775,0.2,0.12052402645349503,0.0,0.0
0.7791666666666667,0.2,0.12193061411380768,0.0,0.0
0.7833333333333333,0.2,0.12330956012010574,0.0,0.0
0.7875,0.2,0.12466143071651459,0.0,0.0
0.7916666666666666,0.2,0.1259867548942566,0.0,0.0
0.7958333333333333,0.2,0.12728604674339294,0.0,0.0
0.8,0.2,0.12855984270572662,0.0,0.0
0.8041666666666667,0.2,0.12980863451957703,0.0,0.0
0.8083333333333333,0.2,0.13103292882442474,0.0,0.0
0.8125,0.2,0.13223318755626678,0.0,0.0
0.8166666666666667,0.2,0.13340988755226135,0.0,0.0
0.8208333333333333,0.2,0.13456352055072784,0.0,0.0
0.825,0.2,0.1356945037841797,0.0,0.0
0.8291666666666666,0.2,0.13680331408977509,0.0,0.0
0.8333333333333334,0.2,0.13789036870002747,0.0,0.0
0.8375,0.2,0.13895609974861145,0.0,0.0
0.8416666666666667,0.2,0.14000093936920166,0.0,0.0
0.8458333333333333,0.2,0.14102527499198914,0.0,0.0
0.85,0.2,0.1420295387506485,0.0,0.0
0.8541666666666666,0.2,0.1430140882730484,0.0,0.0
0.8583333333333333,0.2,0.14397935569286346,0.0,0.0
0.8624999999999999,0.2,0.14492568373680115,0.0,0.0
0.8666666666666667,0.2,0.1458534598350525,0.0,0.0
0.8708333333333333,0.2,0.14676304161548615,0.0,0.0
0.875,0.2,0.14765478670597076,0.0,0.0
0.8791666666666667,0.2,0.1485290676355362,0.0,0.0
0.8833333333333333,0.2,0.1493861973285675,0.0,0.0
0.8875,0.2,0.15022651851177216,0.0,0.0
0.8916666666666666,0.2,0.1510503590106964,0.0,0.0
0.8958333333333334,0.2,0.15185806155204773,0.0,0.0
0.9,0.2,0.15264993906021118,0.0,0.0
0.9041666666666667,0.2,0.15342627465724945,0.0,0.0
0.9083333333333333,0.2,0.15418741106987,0.0,0.0
0.9125,0.2,0.1549336165189743,0.0,0.0
0.9166666666666666,0.2,0.15566518902778625,0.0,0.0
0.9208333333333333,0.2,0.15638242661952972,0.0,0.0
0.9249999999999999,0.2,0.1570856124162674,0.0,0.0
0.9291666666666667,0.2,0.15777501463890076,0.0,0.0
0.9333333333333333,0.2,0.1584509015083313,0.0,0.0
0.9375,0.2,0.15911352634429932,0.0,0.0
0.9416666666666667,0.2,0.1597631871700287,0.0,0.0
0.9458333333333333,0.2,0.16040009260177612,0.0,0.0
0.95,0.2,0.1610245257616043,0.0,0.0
0.9541666666666666,0.2,0.16163672506809235,0.0,0.0
0.9583333333333334,0.2,0.16223691403865814,0.0,0.0
0.9625,0.2,0.162825345993042,0.0,0.0
0.9666666666666667,0.2,0.1634022444486618,0.0,0.0
0.9708333333333333,0.2,0.16396783292293549,0.0,0.0
0.975,0.2,0.16452234983444214,0.0,0.0
0.9791666666666666,0.2,0.16506598889827728,0.0,0.0
0.9833333333333333,0.2,0.16559897363185883,0.0,0.0
0.9874999999999999,0.2,0.16612151265144348,0.0,0.0
0.9916666666666667,0.2,0.16663381457328796,0.0,0.0
0.9958333333333333,0.2,0.1671360731124878,0.0,0.0
1.0,0.2,0.1676284819841385,0.0,0.0
1.0041666666666667,0.2,0.16811124980449677,0.0,0.0
1.0083333333333333,0.2,0.16858457028865814,0.0,0.0
1.0125,0.2,0.16904859244823456,0.0,0.0
1.0166666666666666,0.2,0.16950353980064392,0.0,0.0
1.0208333333333333,0.2,0.16994956135749817,0.0,0.0
1.025,0.2,0.17038683593273163,0.0,0.0
1.0291666666666666,0.2,0.17081555724143982,0.0,0.0
1.0333333333333332,0.2,0.17123587429523468,0.0,0.0
1.0375,0.2,0.17164795100688934,0.0,0.0
1.0416666666666667,0.2,0.17205196619033813,0.0,0.0
1.0458333333333334,0.2,0.1724480539560318,0.0,0.0
1.05,0.2,0.17283637821674347,0.0,0.0
1.0541666666666667,0.2,0.17321710288524628,0.0,0.0
1.0583333333333333,0.2,0.17359037697315216,0.0,0.0
1.0625,0.2,0.17395631968975067,0.0,0.0
1.0666666666666667,0.2,0.17431509494781494,0.0,0.0
1.0708333333333333,0.2,0.1746668517589569,0.0,0.0
1.075,0.2,0.17501170933246613,0.0,0.0
1.0791666666666666,0.2,0.17534981667995453,0.0,0.0
1.0833333333333333,0.2,0.17568130791187286,0.0,0.0
1.0875,0.2,0.17600630223751068,0.0,0.0
1.0916666666666666,0.2,0.17632491886615753,0.0,0.0
1.0958333333333332,0.2,0.17663730680942535,0.0,0.0
1.1,0.2,0.1769435703754425,0.0,0.0
1.1041666666666667,0.2,0.17724382877349854,0.0,0.0
1.1083333333333334,0.2,0.1775382161140442,0.0,0.0
1.1125,0.2,0.17782683670520782,0.0,0.0
1.1166666666666667,0.2,0.178109809756279,0.0,0.0
1.1208333333333333,0.2,0.17838723957538605,0.0,0.0
1.125,0.2,0.17865923047065735,0.0,0.0
1.1291666666666667,0.2,0.17892590165138245,0.0,0.0
1.1333333333333333,0.2,0.1791873425245285,0.0,0.0
1.1375,0.2,0.17944367229938507,0.0,0.0
1.1416666666666666,0.2,0.1796949803829193,0.0,0.0
1.1458333333333333,0.2,0.17994137108325958,0.0,0.0
1.15,0.2,0.18018293380737305,0.0,0.0
1.1541666666666666,0.2,0.18041977286338806,0.0,0.0
1.1583333333333332,0.2,0.1806519776582718,0.0,0.0
1.1625,0.2,0.1808796375989914,0.0,0.0
1.1666666666666667,0.2,0.18110282719135284,0.0,0.0
1.1708333333333334,0.2,0.1813216656446457,0.0,0.0
1.175,0.2,0.1815362125635147,0.0,0.0
1.1791666666666667,0.2,0.18174655735492706,0.0,0.0
1.1833333333333333,0.2,0.18195278942584991,0.0,0.0
1.1875,0.2,0.18215498328208923,0.0,0.0
1.1916666666666667,0.2,0.18235322833061218,0.0,0.0
1.1958333333333333,0.2,0.18254758417606354,0.0,0.0
1.2,0.2,0.18273814022541046,0.0,0.0
1.2041666666666666,0.2,0.18292497098445892,0.0,0.0
1.2083333333333333,0.2,0.1831081509590149,0.0,0.0
1.2125,0.2,0.18328773975372314,0.0,0.0
1.2166666666666666,0.2,0.18346381187438965,0.0,0.0
1.2208333333333332,0.2,0.18363645672798157,0.0,0.0
1.225,0.2,0.18380571901798248,0.0,0.0
1.2291666666666667,0.2,0.18397165834903717,0.0,0.0
1.2333333333333334,0.2,0.1841343641281128,0.0,0.0
1.2375,0.2,0.18429388105869293,0.0,0.0
1.2416666666666667,0.2,0.18445028364658356,0.0,0.0
1.2458333333333333,0.2,0.18460363149642944,0.0,0.0
1.25,0.2,0.18475398421287537,0.0,0.0
1.2541666666666667,0.2,0.1849013864994049,0.0,0.0
1.2583333333333333,0.2,0.18504591286182404,0.0,0.0
1.2625,0.2,0.18518762290477753,0.0,0.0
1.2666666666666666,0.2,0.18532654643058777,0.0,0.0
1.2708333333333333,0.2,0.18546277284622192,0.0,0.0
1.275,0.2,0.18559633195400238,0.0,0.0
1.2791666666666666,0.2,0.18572726845741272,0.0,0.0
1.2833333333333332,0.2,0.1858556568622589,0.0,0.0
1.2875,0.2,0.18598154187202454,0.0,0.0
1.2916666666666667,0.2,0.18610496819019318,0.0,0.0
1.2958333333333334,0.2,0.1862259805202484,0.0,0.0
1.3,0.2,0.18634462356567383,0.0,0.0
1.3041666666666667,0.2,0.1864609569311142,0.0,0.0
1.3083333333333333,0.2,0.1865750104188919,0.0,0.0
1.3125,0.2,0.18668684363365173,0.0,0.0
1.3166666666666667,0.2,0.18679650127887726,0.0,0.0
1.3208333333333333,0.2,0.18690401315689087,0.0,0.0
1.325,0.2,0.18700942397117615,0.0,0.0
1.3291666666666666,0.2,0.18711277842521667,0.0,0.0
1.3333333333333333,0.2,0.18721410632133484,0.0,0.0
1.3375,0.2,0.18731346726417542,0.0,0.0
1.3416666666666666,0.2,0.1874108910560608,0.0,0.0
1.3458333333333332,0.2,0.18750640749931335,0.0,0.0
1.35,0.2,0.18760007619857788,0.0,0.0
1.3541666666666667,0.2,0.18769191205501556,0.0,0.0
1.3583333333333334,0.2,0.1877819448709488,0.0,0.0
1.3625,0.2,0.18787023425102234,0.0,0.0
1.3666666666666667,0.2,0.1879567950963974,0.0,0.0
1.3708333333333333,0.2,0.18804168701171875,0.0,0.0
1.375,0.2,0.1881249099969864,0.0,0.0
1.3791666666666667,0.2,0.1882065087556839,0.0,0.0
1.3833333333333333,0.2,0.18828652799129486,0.0,0.0
1.3875,0.2,0.18836498260498047,0.0,0.0
1.3916666666666666,0.2,0.1884419023990631,0.0,0.0
1.3958333333333333,0.2,0.18851733207702637,0.0,0.0
1.4,0.2,0.18859130144119263,0.0,0.0
1.4041666666666666,0.2,0.1886638104915619,0.0,0.0
1.4083333333333332,0.2,0.18873491883277893,0.0,0.0
1.4125,0.2,0.18880465626716614,0.0,0.0
1.4166666666666667,0.2,0.1888730227947235,0.0,0.0
1.4208333333333334,0.2,0.18894006311893463,0.0,0.0
1.425,0.2,0.1890057921409607,0.0,0.0
1.4291666666666667,0.2,0.18907025456428528,0.0,0.0
1.4333333333333333,0.2,0.1891334503889084,0.0,0.0
1.4375,0.2,0.1891954243183136,0.0,0.0
1.4416666666666667,0.2,0.1892562061548233,0.0,0.0
1.4458333333333333,0.2,0.1893157958984375,0.0,0.0
1.45,0.2,0.18937422335147858,0.0,0.0
1.4541666666666666,0.2,0.18943151831626892,0.0,0.0
1.4583333333333333,0.2,0.18948771059513092,0.0,0.0
1.4625,0.2,0.18954280018806458,0.0,0.0
1.4666666666666666,0.2,0.18959683179855347,0.0,0.0
1.4708333333333332,0.2,0.1896498054265976,0.0,0.0
1.475,0.2,0.18970175087451935,0.0,0.0
1.4791666666666667,0.2,0.1897526979446411,0.0,0.0
1.4833333333333334,0.2,0.1898026466369629,0.0,0.0
1.4875,0.2,0.18985162675380707,0.0,0.0
1.4916666666666667,0.2,0.18989966809749603,0.0,0.0
1.4958333333333333,0.2,0.18994677066802979,0.0,0.0
1.5,0.2,0.1899929642677307,0.0,0.0
1.5041666666666667,0.2,0.19003826379776,0.0,0.0
1.5083333333333333,0.2,0.19008268415927887,0.0,0.0
1.5125,0.2,0.1901262402534485,0.0,0.0
1.5166666666666666,0.2,0.19016896188259125,0.0,0.0
1.5208333333333333,0.2,0.19021084904670715,0.0,0.0
1.525,0.2,0.1902519315481186,0.0,0.0
1.5291666666666666,0.2,0.19029220938682556,0.0,0.0
1.5333333333333332,0.2,0.19033172726631165,0.0,0.0
1.5375,0.2,0.19037047028541565,0.0,0.0
1.5416666666666667,0.2,0.19040846824645996,0.0,0.0
1.5458333333333334,0.2,0.19044572114944458,0.0,0.0
1.55,0.2,0.1904822736978531,0.0,0.0
1.5541666666666667,0.2,0.1905181109905243,0.0,0.0
1.5583333333333333,0.2,0.19055324792861938,0.0,0.0
1.5625,0.2,0.19058772921562195,0.0,0.0
1.5666666666666667,0.2,0.1906215250492096,0.0,0.0
1.5708333333333333,0.2,0.1906546801328659,0.0,0.0
1.575,0.2,0.19068719446659088,0.0,0.0
1.5791666666666666,0.2,0.19071908295154572,0.0,0.0
1.5833333333333333,0.2,0.1907503604888916,0.0,0.0
1.5875,0.2,0.19078102707862854,0.0,0.0
1.5916666666666666,0.2,0.19081111252307892,0.0,0.0
1.5958333333333332,0.2,0.19084061682224274,0.0,0.0
1.6,0.2,0.1908695548772812,0.0,0.0
1.6041666666666667,0.2,0.19089794158935547,0.0,0.0
1.6083333333333334,0.2,0.19092577695846558,0.0,0.0
1.6125,0.2,0.1909530758857727,0.0,0.0
1.6166666666666667,0.2,0.19097985327243805,0.0,0.0
1.6208333333333333,0.2,0.1910061091184616,0.0,0.0
1.625,0.2,0.19103187322616577,0.0,0.0
1.6291666666666667,0.2,0.19105714559555054,0.0,0.0
1.6333333333333333,0.2,0.1910819262266159,0.0,0.0
1.6375,0.2,0.19110623002052307,0.0,0.0
1.6416666666666666,0.2,0.19113008677959442,0.0,0.0
1.6458333333333333,0.2,0.19115346670150757,0.0,0.0
1.65,0.2,0.1911764144897461,0.0,0.0
1.6541666666666666,0.2,0.1911989152431488,0.0,0.0
1.6583333333333332,0.2,0.1912209838628769,0.0,0.0
1.6624999999999999,0.2,0.19124263525009155,0.0,0.0
1.6666666666666667,0.2,0.19126388430595398,0.0,0.0
1.6708333333333334,0.2,0.19128471612930298,0.0,0.0
1.675,0.2,0.19130516052246094,0.0,0.0
1.6791666666666667,0.2,0.19132520258426666,0.0,0.0
1.6833333333333333,0.2,0.19134487211704254,0.0,0.0
1.6875,0.2,0.19136416912078857,0.0,0.0
1.6916666666666667,0.2,0.19138309359550476,0.0,0.0
1.6958333333333333,0.2,0.1914016604423523,0.0,0.0
1.7,0.2,0.19141986966133118,0.0,0.0
1.7041666666666666,0.2,0.1914377361536026,0.0,0.0
1.7083333333333333,0.2,0.19145527482032776,0.0,0.0
1.7125,0.2,0.19147247076034546,0.0,0.0
1.7166666666666666,0.2,0.1914893537759781,0.0,0.0
1.7208333333333332,0.2,0.19150590896606445,0.0,0.0
1.7249999999999999,0.2,0.19152215123176575,0.0,0.0
1.7291666666666667,0.2,0.19153808057308197,0.0,0.0
1.7333333333333334,0.2,0.19155371189117432,0.0,0.0
1.7375,0.2,0.19156906008720398,0.0,0.0
1.7416666666666667,0.2,0.19158411026000977,0.0,0.0
1.7458333333333333,0.2,0.19159887731075287,0.0,0.0
1.75,0.2,0.1916133612394333,0.0,0.0
1.7541666666666667,0.2,0.19162757694721222,0.0,0.0
1.7583333333333333,0.2,0.19164152443408966,0.0,0.0
1.7625,0.2,0.1916552186012268,0.0,0.0
1.7666666666666666,0.2,0.19166864454746246,0.0,0.0
1.7708333333333333,0.2,0.19168183207511902,0.0,0.0
1.775,0.2,0.19169476628303528,0.0,0.0
1.7791666666666666,0.2,0.19170746207237244,0.0,0.0
1.7833333333333332,0.2,0.1917199194431305,0.0,0.0
1.7874999999999999,0.2,0.19173213839530945,0.0,0.0
1.7916666666666667,0.2,0.1917441338300705,0.0,0.0
1.7958333333333334,0.2,0.19175590574741364,0.0,0.0
1.8,0.2,0.19176745414733887,0.0,0.0
1.8041666666666667,0.2,0.19177879393100739,0.0,0.0
1.8083333333333333,0.2,0.1917899250984192,0.0,0.0
1.8125,0.2,0.19180084764957428,0.0,0.0
1.8166666666666667,0.2,0.19181156158447266,0.0,0.0
1.8208333333333333,0.2,0.1918220818042755,0.0,0.0
1.825,0.2,0.19183240830898285,0.0,0.0
1.8291666666666666,0.2,0.19184254109859467,0.0,0.0
1.8333333333333333,0.2,0.19185249507427216,0.0,0.0
1.8375,0.2,0.19186225533485413,0.0,0.0
1.8416666666666666,0.2,0.19187185168266296,0.0,0.0
1.8458333333333332,0.2,0.19188125431537628,0.0,0.0
1.8499999999999999,0.2,0.19189049303531647,0.0,0.0
1.8541666666666667,0.2,0.19189956784248352,0.0,0.0
1.8583333333333334,0.2,0.19190846383571625,0.0,0.0
1.8625,0.2,0.19191721081733704,0.0,0.0
1.8666666666666667,0.2,0.1919257938861847,0.0,0.0
1.8708333333333333,0.2,0.19193421304225922,0.0,0.0
1.875,0.2,0.1919424831867218,0.0,0.0
1.8791666666666667,0.2,0.19195060431957245,0.0,0.0
1.8833333333333333,0.2,0.19195857644081116,0.0,0.0
1.8875,0.2,0.19196641445159912,0.0,0.0
1.8916666666666666,0.2,0.19197410345077515,0.0,0.0
1.8958333333333333,0.2,0.19198164343833923,0.0,0.0
1.9,0.2,0.19198906421661377,0.0,0.0
1.9041666666666666,0.2,0.19199633598327637,0.0,0.0
1.9083333333333332,0.2,0.19200348854064941,0.0,0.0
1.9124999999999999,0.2,0.19201050698757172,0.0,0.0
1.9166666666666667,0.2,0.19201740622520447,0.0,0.0
1.9208333333333334,0.2,0.19202417135238647,0.0,0.0
1.925,0.2,0.19203083217144012,0.0,0.0
1.9291666666666667,0.2,0.19203735888004303,0.0,0.0
1.9333333333333333,0.2,0.19204376637935638,0.0,0.0
1.9375,0.2,0.19205006957054138,0.0,0.0
1.9416666666666667,0.2,0.19205626845359802,0.0,0.0
1.9458333333333333,0.2,0.1920623481273651,0.0,0.0
1.95,0.2,0.19206832349300385,0.0,0.0
1.9541666666666666,0.2,0.19207419455051422,0.0,0.0
1.9583333333333333,0.2,0.19207996129989624,0.0,0.0
1.9625,0.2,0.1920856237411499,0.0,0.0
1.9666666666666666,0.2,0.1920911967754364,0.0,0.0
1.9708333333333332,0.2,0.19209666550159454,0.0,0.0
1.9749999999999999,0.2,0.19210202991962433,0.0,0.0
1.9791666666666667,0.2,0.19210730493068695,0.0,0.0
1.9833333333333334,0.2,0.1921125054359436,0.0,0.0
1.9875,0.2,0.1921176016330719,0.0,0.0
1.9916666666666667,0.2,0.19212260842323303,0.0,0.0
1.9958333333333333,0.2,0.1921275407075882,0.0,0.0
2.0,0.2,0.192132368683815,0.0,0.0
2.0041666666666664,0.2,0.19213713705539703,0.0,0.0
2.0083333333333333,0.2,0.1921418011188507,0.0,0.0
2.0125,0.2,0.1921464055776596,0.0,0.0
2.0166666666666666,0.2,0.19215092062950134,0.0,0.0
2.0208333333333335,0.2,0.1921553611755371,0.0,0.0
2.025,0.2,0.1921597272157669,0.0,0.0
2.029166666666667,0.2,0.19216401875019073,0.0,0.0
2.033333333333333,0.2,0.1921682506799698,0.0,0.0
2.0375,0.2,0.19217239320278168,0.0,0.0
2.0416666666666665,0.2,0.1921764761209488,0.0,0.0
2.0458333333333334,0.2,0.19218048453330994,0.0,0.0
2.05,0.2,0.1921844333410263,0.0,0.0
2.0541666666666667,0.2,0.1921883225440979,0.0,0.0
2.058333333333333,0.2,0.19219213724136353,0.0,0.0
2.0625,0.2,0.19219589233398438,0.0,0.0
2.0666666666666664,0.2,0.19219957292079926,0.0,0.0
2.0708333333333333,0.2,0.19220320880413055,0.0,0.0
2.075,0.2,0.19220678508281708,0.0,0.0
2.0791666666666666,0.2,0.19221030175685883,0.0,0.0
2.0833333333333335,0.2,0.1922137588262558,0.0,0.0
2.0875,0.2,0.192217156291008,0.0,0.0
2.091666666666667,0.2,0.1922205090522766,0.0,0.0
2.095833333333333,0.2,0.19222380220890045,0.0,0.0
2.1,0.2,0.19222703576087952,0.0,0.0
2.1041666666666665,0.2,0.192230224609375,0.0,0.0
2.1083333333333334,0.2,0.1922333687543869,0.0,0.0
2.1125,0.2,0.19223645329475403,0.0,0.0
2.1166666666666667,0.2,0.19223949313163757,0.0,0.0
2.120833333333333,0.2,0.19224248826503754,0.0,0.0
2.125,0.2,0.19224543869495392,0.0,0.0
2.1291666666666664,0.2,0.19224834442138672,0.0,0.0
2.1333333333333333,0.2,0.19225119054317474,0.0,0.0
2.1375,0.2,0.19225400686264038,0.0,0.0
2.1416666666666666,0.2,0.19225677847862244,0.0,0.0
2.1458333333333335,0.2,0.1922595053911209,0.0,0.0
2.15,0.2,0.1922621876001358,0.0,0.0
2.154166666666667,0.2,0.1922648400068283,0.0,0.0
2.158333333333333,0.2,0.19226743280887604,0.0,0.0
2.1625,0.2,0.19227001070976257,0.0,0.0
2.1666666666666665,0.2,0.19227252900600433,0.0,0.0
2.1708333333333334,0.2,0.1922750174999237,0.0,0.0
2.175,0.2,0.1922774761915207,0.0,0.0
2.1791666666666667,0.2,0.1922798901796341,0.0,0.0
2.183333333333333,0.2,0.1922822743654251,0.0,0.0
2.1875,0.2,0.19228462874889374,0.0,0.0
2.1916666666666664,0.2,0.19228693842887878,0.0,0.0
2.1958333333333333,0.2,0.19228921830654144,0.0,0.0
2.2,0.2,0.1922914683818817,0.0,0.0
2.2041666666666666,0.2,0.1922936737537384,0.0,0.0
2.2083333333333335,0.2,0.1922958642244339,0.0,0.0
2.2125,0.2,0.1922980099916458,0.0,0.0
2.216666666666667,0.2,0.19230014085769653,0.0,0.0
2.220833333333333,0.2,0.19230222702026367,0.0,0.0
2.225,0.2,0.19230429828166962,0.0,0.0
2.2291666666666665,0.2,0.19230632483959198,0.0,0.0
2.2333333333333334,0.2,0.19230833649635315,0.0,0.0
2.2375,0.2,0.19231031835079193,0.0,0.0
2.2416666666666667,0.2,0.19231227040290833,0.0,0.0
2.245833333333333,0.2,0.19231420755386353,0.0,0.0
2.25,0.2,0.19231610000133514,0.0,0.0
2.2541666666666664,0.2,0.19231797754764557,0.0,0.0
2.2583333333333333,0.2,0.1923198252916336,0.0,0.0
2.2625,0.2,0.19232165813446045,0.0,0.0
2.2666666666666666,0.2,0.1923234611749649,0.0,0.0
2.2708333333333335,0.2,0.19232523441314697,0.0,0.0
2.275,0.2,0.19232699275016785,0.0,0.0
2.279166666666667,0.2,0.19232873618602753,0.0,0.0
2.283333333333333,0.2,0.19233044981956482,0.0,0.0
2.2875,0.2,0.19233213365077972,0.0,0.0
2.2916666666666665,0.2,0.19233380258083344,0.0,0.0
2.2958333333333334,0.2,0.19233545660972595,0.0,0.0
2.3,0.2,0.19233708083629608,0.0,0.0
2.3041666666666667,0.2,0.19233869016170502,0.0,0.0
2.308333333333333,0.2,0.19234028458595276,0.0,0.0
2.3125,0.2,0.1923418641090393,0.0,0.0
2.3166666666666664,0.2,0.19234341382980347,0.0,0.0
2.3208333333333333,0.2,0.19234494864940643,0.0,0.0
2.325,0.2,0.192346453666687,0.0,0.0
2.3291666666666666,0.2,0.1923479586839676,0.0,0.0
2.3333333333333335,0.2,0.19234943389892578,0.0,0.0
2.3375,0.2,0.19235089421272278,0.0,0.0
2.341666666666667,0.2,0.19235233962535858,0.0,0.0
2.345833333333333,0.2,0.1923537701368332,0.0,0.0
2.35,0.2,0.1923551857471466,0.0,0.0
2.3541666666666665,0.2,0.19235658645629883,0.0,0.0
2.3583333333333334,0.2,0.19235797226428986,0.0,0.0
2.3625,0.2,0.1923593431711197,0.0,0.0
2.3666666666666667,0.2,0.19236069917678833,0.0,0.0
2.370833333333333,0.2,0.19236202538013458,0.0,0.0
2.375,0.2,0.19236335158348083,0.0,0.0
2.3791666666666664,0.2,0.1923646628856659,0.0,0.0
2.3833333333333333,0.2,0.19236595928668976,0.0,0.0
2.3875,0.2,0.19236724078655243,0.0,0.0
2.3916666666666666,0.2,0.1923685222864151,0.0,0.0
2.3958333333333335,0.2,0.19236977398395538,0.0,0.0
2.4,0.2,0.19237102568149567,0.0,0.0
2.404166666666667,0.2,0.19237224757671356,0.0,0.0
2.408333333333333,0.2,0.19237346947193146,0.0,0.0
2.4125,0.2,0.19237467646598816,0.0,0.0
2.4166666666666665,0.2,0.19237588346004486,0.0,0.0
2.4208333333333334,0.2,0.19237706065177917,0.0,0.0
2.425,0.2,0.1923782378435135,0.0,0.0
2.4291666666666667,0.2,0.1923794001340866,0.0,0.0
2.433333333333333,0.2,0.19238054752349854,0.0,0.0
2.4375,0.2,0.19238169491291046,0.0,0.0
2.4416666666666664,0.2,0.1923828274011612,0.0,0.0
2.4458333333333333,0.2,0.19238394498825073,0.0,0.0
2.45,0.2,0.19238504767417908,0.0,0.0
2.4541666666666666,0.2,0.19238615036010742,0.0,0.0
2.4583333333333335,0.2,0.19238725304603577,0.0,0.0
2.4625,0.2,0.19238832592964172,0.0,0.0
2.466666666666667,0.2,0.19238939881324768,0.0,0.0
2.470833333333333,0.2,0.19239047169685364,0.0,0.0
2.475,0.2,0.1923915147781372,0.0,0.0
2.4791666666666665,0.2,0.19239257276058197,0.0,0.0
2.4833333333333334,0.2,0.19239360094070435,0.0,0.0
2.4875,0.2,0.19239462912082672,0.0,0.0
2.4916666666666667,0.2,0.1923956573009491,0.0,0.0
2.495833333333333,0.2,0.19239667057991028,0.0,0.0
2.5,0.2,0.19239766895771027,0.0,0.0
2.5041666666666664,0.2,0.19239866733551025,0.0,0.0
2.5083333333333333,0.2,0.19239966571331024,0.0,0.0
2.5125,0.2,0.19240064918994904,0.0,0.0
2.5166666666666666,0.2,0.19240161776542664,0.0,0.0
2.5208333333333335,0.2,0.19240258634090424,0.0,0.0
2.525,0.2,0.19240355491638184,0.0,0.0
2.529166666666667,0.2,0.19240450859069824,0.0,0.0
2.533333333333333,0.2,0.19240544736385345,0.0,0.0
2.5375,0.2,0.19240638613700867,0.0,0.0
2.5416666666666665,0.2,0.19240732491016388,0.0,0.0
2.5458333333333334,0.2,0.1924082636833191,0.0,0.0
2.55,0.2,0.19240917265415192,0.0,0.0
2.5541666666666667,0.2,0.19241009652614594,0.0,0.0
2.558333333333333,0.2,0.19241100549697876,0.0,0.0
2.5625,0.2,0.19241191446781158,0.0,0.0
2.5666666666666664,0.2,0.19241280853748322,0.0,0.0
2.5708333333333333,0.2,0.19241370260715485,0.0,0.0
2.575,0.2,0.19241458177566528,0.0,0.0
2.5791666666666666,0.2,0.19241547584533691,0.0,0.0
2.5833333333333335,0.2,0.19241634011268616,0.0,0.0
2.5875,0.2,0.1924172192811966,0.0,0.0
2.591666666666667,0.2,0.19241808354854584,0.0,0.0
2.595833333333333,0.2,0.19241894781589508,0.0,0.0
2.6,0.2,0.19241979718208313,0.0,0.0
2.6041666666666665,0.2,0.19242064654827118,0.0,0.0
2.6083333333333334,0.2,0.19242149591445923,0.0,0.0
2.6125,0.2,0.19242234528064728,0.0,0.0
2.6166666666666667,0.2,0.19242317974567413,0.0,0.0
2.620833333333333,0.2,0.192424014210701,0.0,0.0
2.625,0.2,0.19242483377456665,0.0,0.0
2.6291666666666664,0.2,0.1924256682395935,0.0,0.0
2.6333333333333333,0.2,0.19242648780345917,0.0,0.0
2.6375,0.2,0.19242729246616364,0.0,0.0
2.6416666666666666,0.2,0.1924281120300293,0.0,0.0
2.6458333333333335,0.2,0.19242891669273376,0.0,0.0
2.65,0.2,0.19242972135543823,0.0,0.0
2.654166666666667,0.2,0.1924305260181427,0.0,0.0
2.658333333333333,0.2,0.19243131577968597,0.0,0.0
2.6625,0.2,0.19243212044239044,0.0,0.0
2.6666666666666665,0.2,0.19243291020393372,0.0,0.0
2.6708333333333334,0.2,0.1924336850643158,0.0,0.0
2.675,0.2,0.19243447482585907,0.0,0.0
2.6791666666666667,0.2,0.19243524968624115,0.0,0.0
2.683333333333333,0.2,0.19243602454662323,0.0,0.0
2.6875,0.2,0.1924367994070053,0.0,0.0
2.6916666666666664,0.2,0.1924375742673874,0.0,0.0
2.6958333333333333,0.2,0.19243833422660828,0.0,0.0
2.7,0.2,0.19243909418582916,0.0,0.0
2.7041666666666666,0.2,0.19243985414505005,0.0,0.0
2.7083333333333335,0.2,0.19244061410427094,0.0,0.0
2.7125,0.2,0.19244137406349182,0.0,0.0
2.716666666666667,0.2,0.1924421191215515,0.0,0.0
2.720833333333333,0.2,0.1924428641796112,0.0,0.0
2.725,0.2,0.1924436241388321,0.0,0.0
2.7291666666666665,0.2,0.1924443542957306,0.0,0.0
2.7333333333333334,0.2,0.19244509935379028,0.0,0.0
2.7375,0.2,0.19244584441184998,0.0,0.0
2.7416666666666667,0.2,0.19244657456874847,0.0,0.0
2.745833333333333,0.2,0.19244730472564697,0.0,0.0
2.75,0.2,0.19244803488254547,0.0,0.0
2.7541666666666664,0.2,0.19244876503944397,0.0,0.0
2.7583333333333333,0.2,0.19244949519634247,0.0,0.0
2.7625,0.2,0.19245021045207977,0.0,0.0
2.7666666666666666,0.2,0.19245094060897827,0.0,0.0
2.7708333333333335,0.2,0.19245165586471558,0.0,0.0
2.775,0.2,0.19245237112045288,0.0,0.0
2.779166666666667,0.2,0.19245308637619019,0.0,0.0
2.783333333333333,0.2,0.1924538016319275,0.0,0.0
2.7875,0.2,0.1924545168876648,0.0,0.0
2.7916666666666665,0.2,0.1924552172422409,0.0,0.0
2.7958333333333334,0.2,0.1924559324979782,0.0,0.0
2.8,0.2,0.19245663285255432,0.0,0.0
2.8041666666666667,0.2,0.19245733320713043,0.0,0.0
2.808333333333333,0.2,0.19245803356170654,0.0,0.0
2.8125,0.2,0.19245873391628265,0.0,0.0
2.8166666666666664,0.2,0.19245943427085876,0.0,0.0
2.8208333333333333,0.2,0.19246013462543488,0.0,0.0
2.825,0.2,0.1924608200788498,0.0,0.0
2.8291666666666666,0.2,0.1924615204334259,0.0,0.0
2.8333333333333335,0.2,0.19246220588684082,0.0,0.0
2.8375,0.2,0.19246289134025574,0.0,0.0
2.841666666666667,0.2,0.19246357679367065,0.0,0.0
2.845833333333333,0.2,0.19246426224708557,0.0,0.0
2.85,0.2,0.1924649477005005,0.0,0.0
2.8541666666666665,0.2,0.1924656331539154,0.0,0.0
2.8583333333333334,0.2,0.19246631860733032,0.0,0.0
2.8625,0.2,0.19246698915958405,0.0,0.0
2.8666666666666667,0.2,0.19246767461299896,0.0,0.0
2.870833333333333,0.2,0.19246834516525269,0.0,0.0
2.875,0.2,0.1924690306186676,0.0,0.0
2.8791666666666664,0.2,0.19246970117092133,0.0,0.0
2.8833333333333333,0.2,0.19247037172317505,0.0,0.0
2.8875,0.2,0.19247104227542877,0.0,0.0
2.8916666666666666,0.2,0.1924717128276825,0.0,0.0
2.8958333333333335,0.2,0.19247238337993622,0.0,0.0
2.9,0.2,0.19247305393218994,0.0,0.0
2.904166666666667,0.2,0.19247372448444366,0.0,0.0
2.908333333333333,0.2,0.1924743950366974,0.0,0.0
2.9125,0.2,0.19247505068778992,0.0,0.0
2.9166666666666665,0.2,0.19247572124004364,0.0,0.0
2.9208333333333334,0.2,0.19247637689113617,0.0,0.0
2.925,0.2,0.1924770474433899,0.0,0.0
2.9291666666666667,0.2,0.19247770309448242,0.0,0.0
2.933333333333333,0.2,0.19247835874557495,0.0,0.0
2.9375,0.2,0.19247901439666748,0.0,0.0
2.9416666666666664,0.2,0.19247967004776,0.0,0.0
2.9458333333333333,0.2,0.19248032569885254,0.0,0.0
2.95,0.2,0.19248098134994507,0.0,0.0
2.9541666666666666,0.2,0.1924816370010376,0.0,0.0
2.9583333333333335,0.2,0.19248229265213013,0.0,0.0
2.9625,0.2,0.19248294830322266,0.0,0.0
2.966666666666667,0.2,0.19248360395431519,0.0,0.0
2.970833333333333,0.2,0.19248424470424652,0.0,0.0
2.975,0.2,0.19248490035533905,0.0,0.0
2.9791666666666665,0.2,0.19248554110527039,0.0,0.0
2.9833333333333334,0.2,0.19248619675636292,0.0,0.0
2.9875,0.2,0.19248683750629425,0.0,0.0
2.9916666666666667,0.2,0.19248749315738678,0.0,0.0
2.995833333333333,0.2,0.19248813390731812,0.0,0.0
3.0,0.2,0.19248877465724945,0.0,0.0
3.0041666666666664,0.2,0.19248943030834198,0.0,0.0
3.0083333333333333,0.2,0.19249007105827332,0.0,0.0
3.0125,0.2,0.19249071180820465,0.0,0.0
3.0166666666666666,0.2,0.192491352558136,0.0,0.0
3.0208333333333335,0.2,0.19249199330806732,0.0,0.0
3.025,0.2,0.19249263405799866,0.0,0.0
3.029166666666667,0.2,0.19249327480793,0.0,0.0
3.033333333333333,0.2,0.19249391555786133,0.0,0.0
3.0375,0.2,0.19249455630779266,0.0,0.0
3.0416666666666665,0.2,0.1924951821565628,0.0,0.0
3.0458333333333334,0.2,0.19249582290649414,0.0,0.0
3.05,0.2,0.19249646365642548,0.0,0.0
3.0541666666666667,0.2,0.1924971044063568,0.0,0.0
3.058333333333333,0.2,0.19249773025512695,0.0,0.0
3.0625,0.2,0.1924983710050583,0.0,0.0
3.0666666666666664,0.2,0.19249899685382843,0.0,0.0
3.0708333333333333,0.2,0.19249963760375977,0.0,0.0
3.075,0.2,0.1925002783536911,0.0,0.0
3.0791666666666666,0.2,0.19250090420246124,0.0,0.0
3.0833333333333335,0.2,0.19250153005123138,0.0,0.0
3.0875,0.2,0.19250217080116272,0.0,0.0
3.091666666666667,0.2,0.19250279664993286,0.0,0.0
3.095833333333333,0.2,0.192503422498703,0.0,0.0
3.1,0.2,0.19250406324863434,0.0,0.0
3.1041666666666665,0.2,0.19250468909740448,0.0,0.0
3.1083333333333334,0.2,0.19250531494617462,0.0,0.0
3.1125,0.2,0.19250594079494476,0.0,0.0
3.1166666666666667,0.2,0.1925065815448761,0.0,0.0
3.120833333333333,0.2,0.19250720739364624,0.0,0.0
3.125,0.2,0.19250783324241638,0.0,0.0
3.1291666666666664,0.2,0.19250845909118652,0.0,0.0
3.1333333333333333,0.2,0.19250908493995667,0.0,0.0
3.1375,0.2,0.1925097107887268,0.0,0.0
3.1416666666666666,0.2,0.19251033663749695,0.0,0.0
3.1458333333333335,0.2,0.1925109624862671,0.0,0.0
3.15,0.2,0.19251158833503723,0.0,0.0
3.154166666666667,0.2,0.19251219928264618,0.0,0.0
3.158333333333333,0.2,0.19251282513141632,0.0,0.0
3.1625,0.2,0.19251345098018646,0.0,0.0
3.1666666666666665,0.2,0.1925140768289566,0.0,0.0
3.1708333333333334,0.2,0.19251470267772675,0.0,0.0
3.175,0.2,0.1925153285264969,0.0,0.0
3.1791666666666667,0.2,0.19251593947410583,0.0,0.0
3.183333333333333,0.2,0.19251656532287598,0.0,0.0
3.1875,0.2,0.19251719117164612,0.0,0.0
3.1916666666666664,0.2,0.19251780211925507,0.0,0.0
3.1958333333333333,0.2,0.1925184279680252,0.0,0.0
3.2,0.2,0.19251905381679535,0.0,0.0
3.2041666666666666,0.2,0.1925196647644043,0.0,0.0
3.2083333333333335,0.2,0.19252029061317444,0.0,0.0
3.2125,0.2,0.19252091646194458,0.0,0.0
3.216666666666667,0.2,0.19252152740955353,0.0,0.0
3.220833333333333,0.2,0.19252215325832367,0.0,0.0
3.225,0.2,0.19252276420593262,0.0,0.0
3.2291666666666665,0.2,0.19252339005470276,0.0,0.0
3.2333333333333334,0.2,0.1925240010023117,0.0,0.0
3.2375,0.2,0.19252461194992065,0.0,0.0
3.2416666666666667,0.2,0.1925252377986908,0.0,0.0
3.245833333333333,0.2,0.19252584874629974,0.0,0.0
3.25,0.2,0.19252647459506989,0.0,0.0
3.2541666666666664,0.2,0.19252708554267883,0.0,0.0
3.2583333333333333,0.2,0.19252769649028778,0.0,0.0
3.2624999999999997,0.2,0.19252832233905792,0.0,0.0
3.2666666666666666,0.2,0.19252893328666687,0.0,0.0
3.2708333333333335,0.2,0.19252954423427582,0.0,0.0
3.275,0.2,0.19253017008304596,0.0,0.0
3.279166666666667,0.2,0.1925307810306549,0.0,0.0
3.283333333333333,0.2,0.19253139197826385,0.0,0.0
3.2875,0.2,0.1925320029258728,0.0,0.0
3.2916666666666665,0.2,0.19253262877464294,0.0,0.0
3.2958333333333334,0.2,0.1925332397222519,0.0,0.0
3.3,0.2,0.19253385066986084,0.0,0.0
3.3041666666666667,0.2,0.1925344616174698,0.0,0.0
3.308333333333333,0.2,0.19253507256507874,0.0,0.0
3.3125,0.2,0.19253569841384888,0.0,0.0
3.3166666666666664,0.2,0.19253630936145782,0.0,0.0
3.3208333333333333,0.2,0.19253692030906677,0.0,0.0
3.3249999999999997,0.2,0.19253753125667572,0.0,0.0
3.3291666666666666,0.2,0.19253814220428467,0.0,0.0
3.3333333333333335,0.2,0.19253875315189362,0.0,0.0
3.3375,0.2,0.19253936409950256,0.0,0.0
3.341666666666667,0.2,0.1925399750471115,0.0,0.0
3.345833333333333,0.2,0.19254058599472046,0.0,0.0
3.35,0.2,0.1925411969423294,0.0,0.0
3.3541666666666665,0.2,0.19254180788993835,0.0,0.0
3.3583333333333334,0.2,0.1925424337387085,0.0,0.0
3.3625,0.2,0.19254302978515625,0.0,0.0
3.3666666666666667,0.2,0.1925436407327652,0.0,0.0
3.370833333333333,0.2,0.19254425168037415,0.0,0.0
3.375,0.2,0.1925448626279831,0.0,0.0
3.3791666666666664,0.2,0.19254547357559204,0.0,0.0
3.3833333333333333,0.2,0.192546084523201,0.0,0.0
3.3874999999999997,0.2,0.19254669547080994,0.0,0.0
3.3916666666666666,0.2,0.19254730641841888,0.0,0.0
3.3958333333333335,0.2,0.19254791736602783,0.0,0.0
3.4,0.2,0.19254852831363678,0.0,0.0
3.404166666666667,0.2,0.19254913926124573,0.0,0.0
3.408333333333333,0.2,0.19254975020885468,0.0,0.0
3.4125,0.2,0.19255036115646362,0.0,0.0
3.4166666666666665,0.2,0.19255095720291138,0.0,0.0
3.4208333333333334,0.2,0.19255156815052032,0.0,0.0
3.425,0.2,0.19255217909812927,0.0,0.0
3.4291666666666667,0.2,0.19255279004573822,0.0,0.0
3.433333333333333,0.2,0.19255340099334717,0.0,0.0
3.4375,0.2,0.19255401194095612,0.0,0.0
3.4416666666666664,0.2,0.19255460798740387,0.0,0.0
3.4458333333333333,0.2,0.19255521893501282,0.0,0.0
3.4499999999999997,0.2,0.19255582988262177,0.0,0.0
3.4541666666666666,0.2,0.1925564408302307,0.0,0.0
3.4583333333333335,0.2,0.19255703687667847,0.0,0.0
3.4625,0.2,0.19255764782428741,0.0,0.0
3.466666666666667,0.2,0.19255825877189636,0.0,0.0
3.470833333333333,0.2,0.1925588697195053,0.0,0.0
3.475,0.2,0.19255946576595306,0.0,0.0
3.4791666666666665,0.2,0.192560076713562,0.0,0.0
3.4833333333333334,0.2,0.19256068766117096,0.0,0.0
3.4875,0.2,0.1925612986087799,0.0,0.0
3.4916666666666667,0.2,0.19256189465522766,0.0,0.0
3.495833333333333,0.2,0.1925625056028366,0.0,0.0
3.5,0.2,0.19256311655044556,0.0,0.0
3.5041666666666664,0.2,0.1925637125968933,0.0,0.0
3.5083333333333333,0.2,0.19256432354450226,0.0,0.0
3.5124999999999997,0.2,0.1925649344921112,0.0,0.0
3.5166666666666666,0.2,0.19256553053855896,0.0,0.0
3.5208333333333335,0.2,0.1925661414861679,0.0,0.0
3.525,0.2,0.19256675243377686,0.0,0.0
3.529166666666667,0.2,0.1925673484802246,0.0,0.0
3.533333333333333,0.2,0.19256795942783356,0.0,0.0
3.5375,0.2,0.1925685554742813,0.0,0.0
3.5416666666666665,0.2,0.19256916642189026,0.0,0.0
3.5458333333333334,0.2,0.1925697773694992,0.0,0.0
3.55,0.2,0.19257037341594696,0.0,0.0
3.5541666666666667,0.2,0.1925709843635559,0.0,0.0
3.558333333333333,0.2,0.19257158041000366,0.0,0.0
3.5625,0.2,0.1925721913576126,0.0,0.0
3.5666666666666664,0.2,0.19257278740406036,0.0,0.0
3.5708333333333333,0.2,0.1925733983516693,0.0,0.0
3.5749999999999997,0.2,0.19257400929927826,0.0,0.0
3.5791666666666666,0.2,0.192574605345726,0.0,0.0
3.5833333333333335,0.2,0.19257521629333496,0.0,0.0
3.5875,0.2,0.19257581233978271,0.0,0.0
3.591666666666667,0.2,0.19257642328739166,0.0,0.0
3.595833333333333,0.2,0.19257701933383942,0.0,0.0
3.6,0.2,0.19257763028144836,0.0,0.0
3.6041666666666665,0.2,0.19257822632789612,0.0,0.0
3.6083333333333334,0.2,0.19257883727550507,0.0,0.0
3.6125,0.2,0.19257943332195282,0.0,0.0
3.6166666666666667,0.2,0.19258004426956177,0.0,0.0
3.620833333333333,0.2,0.19258064031600952,0.0,0.0
3.625,0.2,0.19258125126361847,0.0,0.0
3.6291666666666664,0.2,0.19258184731006622,0.0,0.0
3.6333333333333333,0.2,0.19258245825767517,0.0,0.0
3.6374999999999997,0.2,0.19258305430412292,0.0,0.0
3.6416666666666666,0.2,0.19258366525173187,0.0,0.0
3.6458333333333335,0.2,0.19258426129817963,0.0,0.0
3.65,0.2,0.19258487224578857,0.0,0.0
3.654166666666667,0.2,0.19258546829223633,0.0,0.0
3.658333333333333,0.2,0.19258606433868408,0.0,0.0
3.6625,0.2,0.19258667528629303,0.0,0.0
3.6666666666666665,0.2,0.19258727133274078,0.0,0.0
3.6708333333333334,0.2,0.19258788228034973,0.0,0.0
3.675,0.2,0.19258847832679749,0.0,0.0
3.6791666666666667,0.2,0.19258908927440643,0.0,0.0
3.683333333333333,0.2,0.1925896853208542,0.0,0.0
3.6875,0.2,0.19259028136730194,0.0,0.0
3.6916666666666664,0.2,0.1925908923149109,0.0,0.0
3.6958333333333333,0.2,0.19259148836135864,0.0,0.0
3.6999999999999997,0.2,0.1925920993089676,0.0,0.0
3.7041666666666666,0.2,0.19259269535541534,0.0,0.0
3.7083333333333335,0.2,0.1925932914018631,0.0,0.0
3.7125,0.2,0.19259390234947205,0.0,0.0
3.716666666666667,0.2,0.1925944983959198,0.0,0.0
3.720833333333333,0.2,0.19259509444236755,0.0,0.0
3.725,0.2,0.1925957053899765,0.0,0.0
3.7291666666666665,0.2,0.19259630143642426,0.0,0.0
3.7333333333333334,0.2,0.192596897482872,0.0,0.0
3.7375,0.2,0.19259750843048096,0.0,0.0
3.7416666666666667,0.2,0.1925981044769287,0.0,0.0
3.745833333333333,0.2,0.19259870052337646,0.0,0.0
3.75,0.2,0.1925993114709854,0.0,0.0
3.7541666666666664,0.2,0.19259990751743317,0.0,0.0
3.7583333333333333,0.2,0.19260050356388092,0.0,0.0
3.7624999999999997,0.2,0.19260111451148987,0.0,0.0
3.7666666666666666,0.2,0.19260171055793762,0.0,0.0
3.7708333333333335,0.2,0.19260230660438538,0.0,0.0
3.775,0.2,0.19260291755199432,0.0,0.0
3.779166666666667,0.2,0.19260351359844208,0.0,0.0
3.783333333333333,0.2,0.19260410964488983,0.0,0.0
3.7875,0.2,0.19260472059249878,0.0,0.0
3.7916666666666665,0.2,0.19260531663894653,0.0,0.0
3.7958333333333334,0.2,0.1926059126853943,0.0,0.0
3.8,0.2,0.19260650873184204,0.0,0.0
3.8041666666666667,0.2,0.192607119679451,0.0,0.0
3.808333333333333,0.2,0.19260771572589874,0.0,0.0
3.8125,0.2,0.1926083117723465,0.0,0.0
3.8166666666666664,0.2,0.19260890781879425,0.0,0.0
3.8208333333333333,0.2,0.1926095187664032,0.0,0.0
3.8249999999999997,0.2,0.19261011481285095,0.0,0.0
3.8291666666666666,0.2,0.1926107108592987,0.0,0.0
3.8333333333333335,0.2,0.19261130690574646,0.0,0.0
3.8375,0.2,0.1926119178533554,0.0,0.0
3.841666666666667,0.2,0.19261251389980316,0.0,0.0
3.845833333333333,0.2,0.19261310994625092,0.0,0.0
3.85,0.2,0.19261370599269867,0.0,0.0
3.8541666666666665,0.2,0.19261431694030762,0.0,0.0
3.8583333333333334,0.2,0.19261491298675537,0.0,0.0
3.8625,0.2,0.19261550903320312,0.0,0.0
3.8666666666666667,0.2,0.19261610507965088,0.0,0.0
3.870833333333333,0.2,0.19261670112609863,0.0,0.0
3.875,0.2,0.19261731207370758,0.0,0.0
3.8791666666666664,0.2,0.19261790812015533,0.0,0.0
3.8833333333333333,0.2,0.1926185041666031,0.0,0.0
3.8874999999999997,0.2,0.19261910021305084,0.0,0.0
3.8916666666666666,0.2,0.1926196962594986,0.0,0.0
3.8958333333333335,0.2,0.19262030720710754,0.0,0.0
3.9,0.2,0.1926209032535553,0.0,0.0
3.904166666666667,0.2,0.19262149930000305,0.0,0.0
3.908333333333333,0.2,0.1926220953464508,0.0,0.0
3.9125,0.2,0.19262269139289856,0.0,0.0
3.9166666666666665,0.2,0.1926232874393463,0.0,0.0
3.9208333333333334,0.2,0.19262389838695526,0.0,0.0
3.925,0.2,0.19262449443340302,0.0,0.0
3.9291666666666667,0.2,0.19262509047985077,0.0,0.0
3.933333333333333,0.2,0.19262568652629852,0.0,0.0
3.9375,0.2,0.19262628257274628,0.0,0.0
3.9416666666666664,0.2,0.19262687861919403,0.0,0.0
3.9458333333333333,0.2,0.19262747466564178,0.0,0.0
3.9499999999999997,0.2,0.19262808561325073,0.0,0.0
3.9541666666666666,0.2,0.1926286816596985,0.0,0.0
3.9583333333333335,0.2,0.19262927770614624,0.0,0.0
3.9625,0.2,0.192629873752594,0.0,0.0
3.966666666666667,0.2,0.19263046979904175,0.0,0.0
3.970833333333333,0.2,0.1926310658454895,0.0,0.0
3.975,0.2,0.19263166189193726,0.0,0.0
3.9791666666666665,0.2,0.192632257938385,0.0,0.0
3.9833333333333334,0.2,0.19263285398483276,0.0,0.0
3.9875,0.2,0.1926334649324417,0.0,0.0
3.9916666666666667,0.2,0.19263406097888947,0.0,0.0
3.995833333333333,0.2,0.19263465702533722,0.0,0.0
4.0,0.2,0.19263525307178497,0.0,0.0
4.004166666666666,0.2,0.19263584911823273,0.0,0.0
4.008333333333333,0.2,0.19263644516468048,0.0,0.0
4.0125,0.2,0.19263704121112823,0.0,0.0
4.016666666666667,0.2,0.192637637257576,0.0,0.0
4.020833333333333,0.2,0.19263823330402374,0.0,0.0
4.025,0.2,0.1926388293504715,0.0,0.0
4.029166666666667,0.2,0.19263942539691925,0.0,0.0
4.033333333333333,0.2,0.192640021443367,0.0,0.0
4.0375,0.2,0.19264061748981476,0.0,0.0
4.041666666666667,0.2,0.1926412135362625,0.0,0.0
4.045833333333333,0.2,0.19264182448387146,0.0,0.0
4.05,0.2,0.1926424205303192,0.0,0.0
4.054166666666666,0.2,0.19264301657676697,0.0,0.0
4.058333333333334,0.2,0.19264361262321472,0.0,0.0
4.0625,0.2,0.19264420866966248,0.0,0.0
4.066666666666666,0.2,0.19264480471611023,0.0,0.0
4.070833333333333,0.2,0.19264540076255798,0.0,0.0
4.075,0.2,0.19264599680900574,0.0,0.0
4.079166666666667,0.2,0.1926465928554535,0.0,0.0
4.083333333333333,0.2,0.19264718890190125,0.0,0.0
4.0875,0.2,0.192647784948349,0.0,0.0
4.091666666666667,0.2,0.19264838099479675,0.0,0.0
4.095833333333333,0.2,0.1926489770412445,0.0,0.0
4.1,0.2,0.19264957308769226,0.0,0.0
4.104166666666667,0.2,0.19265016913414001,0.0,0.0
4.108333333333333,0.2,0.19265076518058777,0.0,0.0
4.1125,0.2,0.19265136122703552,0.0,0.0
4.116666666666666,0.2,0.19265195727348328,0.0,0.0
4.120833333333334,0.2,0.19265255331993103,0.0,0.0
4.125,0.2,0.1926531344652176,0.0,0.0
4.129166666666666,0.2,0.19265374541282654,0.0,0.0
4.133333333333333,0.2,0.1926543265581131,0.0,0.0
4.1375,0.2,0.19265492260456085,0.0,0.0
4.141666666666667,0.2,0.1926555186510086,0.0,0.0
4.145833333333333,0.2,0.19265611469745636,0.0,0.0
4.15,0.2,0.1926567107439041,0.0,0.0
4.154166666666667,0.2,0.19265730679035187,0.0,0.0
4.158333333333333,0.2,0.19265790283679962,0.0,0.0
4.1625,0.2,0.19265849888324738,0.0,0.0
4.166666666666667,0.2,0.19265909492969513,0.0,0.0
4.170833333333333,0.2,0.19265969097614288,0.0,0.0
4.175,0.2,0.19266028702259064,0.0,0.0
4.179166666666666,0.2,0.1926608830690384,0.0,0.0
4.183333333333334,0.2,0.19266147911548615,0.0,0.0
4.1875,0.2,0.1926620751619339,0.0,0.0
4.191666666666666,0.2,0.19266267120838165,0.0,0.0
4.195833333333333,0.2,0.1926632672548294,0.0,0.0
4.2,0.2,0.19266386330127716,0.0,0.0
4.204166666666667,0.2,0.19266445934772491,0.0,0.0
4.208333333333333,0.2,0.19266505539417267,0.0,0.0
4.2125,0.2,0.19266563653945923,0.0,0.0
4.216666666666667,0.2,0.19266623258590698,0.0,0.0
4.220833333333333,0.2,0.19266682863235474,0.0,0.0
4.225,0.2,0.1926674246788025,0.0,0.0
4.229166666666667,0.2,0.19266802072525024,0.0,0.0
4.233333333333333,0.2,0.192668616771698,0.0,0.0
4.2375,0.2,0.19266921281814575,0.0,0.0
4.241666666666666,0.2,0.1926698088645935,0.0,0.0
4.245833333333334,0.2,0.19267040491104126,0.0,0.0
4.25,0.2,0.19267098605632782,0.0,0.0
4.254166666666666,0.2,0.19267158210277557,0.0,0.0
4.258333333333333,0.2,0.19267217814922333,0.0,0.0
4.2625,0.2,0.19267277419567108,0.0,0.0
4.266666666666667,0.2,0.19267337024211884,0.0,0.0
4.270833333333333,0.2,0.1926739662885666,0.0,0.0
4.275,0.2,0.19267456233501434,0.0,0.0
4.279166666666667,0.2,0.1926751583814621,0.0,0.0
4.283333333333333,0.2,0.19267573952674866,0.0,0.0
4.2875,0.2,0.1926763355731964,0.0,0.0
4.291666666666667,0.2,0.19267693161964417,0.0,0.0
4.295833333333333,0.2,0.19267752766609192,0.0,0.0
4.3,0.2,0.19267812371253967,0.0,0.0
4.304166666666666,0.2,0.19267871975898743,0.0,0.0
4.308333333333334,0.2,0.192679300904274,0.0,0.0
4.3125,0.2,0.19267989695072174,0.0,0.0
4.316666666666666,0.2,0.1926804929971695,0.0,0.0
4.320833333333333,0.2,0.19268108904361725,0.0,0.0
4.325,0.2,0.192681685090065,0.0,0.0
4.329166666666667,0.2,0.19268226623535156,0.0,0.0
4.333333333333333,0.2,0.19268286228179932,0.0,0.0
4.3375,0.2,0.19268345832824707,0.0,0.0
4.341666666666667,0.2,0.19268405437469482,0.0,0.0
4.345833333333333,0.2,0.19268465042114258,0.0,0.0
4.35,0.2,0.19268524646759033,0.0,0.0
4.354166666666667,0.2,0.1926858276128769,0.0,0.0
4.358333333333333,0.2,0.19268642365932465,0.0,0.0
4.3625,0.2,0.1926870197057724,0.0,0.0
4.366666666666666,0.2,0.19268761575222015,0.0,0.0
4.370833333333334,0.2,0.1926881968975067,0.0,0.0
4.375,0.2,0.19268879294395447,0.0,0.0
4.379166666666666,0.2,0.19268938899040222,0.0,0.0
4.383333333333333,0.2,0.19268998503684998,0.0,0.0
4.3875,0.2,0.19269058108329773,0.0,0.0
4.391666666666667,0.2,0.1926911622285843,0.0,0.0
4.395833333333333,0.2,0.19269175827503204,0.0,0.0
4.4,0.2,0.1926923543214798,0.0,0.0
4.404166666666667,0.2,0.19269295036792755,0.0,0.0
4.408333333333333,0.2,0.1926935315132141,0.0,0.0
4.4125,0.2,0.19269412755966187,0.0,0.0
4.416666666666667,0.2,0.19269472360610962,0.0,0.0
4.420833333333333,0.2,0.19269531965255737,0.0,0.0
4.425,0.2,0.19269590079784393,0.0,0.0
4.429166666666666,0.2,0.1926964968442917,0.0,0.0
4.433333333333334,0.2,0.19269709289073944,0.0,0.0
4.4375,0.2,0.192697674036026,0.0,0.0
4.441666666666666,0.2,0.19269827008247375,0.0,0.0
4.445833333333333,0.2,0.1926988661289215,0.0,0.0
4.45,0.2,0.19269946217536926,0.0,0.0
4.454166666666667,0.2,0.19270004332065582,0.0,0.0
4.458333333333333,0.2,0.19270063936710358,0.0,0.0
4.4625,0.2,0.19270123541355133,0.0,0.0
4.466666666666667,0.2,0.1927018165588379,0.0,0.0
4.470833333333333,0.2,0.19270241260528564,0.0,0.0
4.475,0.2,0.1927030086517334,0.0,0.0
4.479166666666667,0.2,0.19270360469818115,0.0,0.0
4.483333333333333,0.2,0.1927041858434677,0.0,0.0
4.4875,0.2,0.19270478188991547,0.0,0.0
4.491666666666666,0.2,0.19270537793636322,0.0,0.0
4.495833333333334,0.2,0.19270595908164978,0.0,0.0
4.5,0.2,0.19270655512809753,0.0,0.0
4.504166666666666,0.2,0.1927071511745453,0.0,0.0
4.508333333333333,0.2,0.19270773231983185,0.0,0.0
4.5125,0.2,0.1927083283662796,0.0,0.0
4.516666666666667,0.2,0.19270892441272736,0.0,0.0
4.520833333333333,0.2,0.19270950555801392,0.0,0.0
4.525,0.2,0.19271010160446167,0.0,0.0
4.529166666666667,0.2,0.19271069765090942,0.0,0.0
4.533333333333333,0.2,0.19271127879619598,0.0,0.0
4.5375,0.2,0.19271187484264374,0.0,0.0
4.541666666666667,0.2,0.1927124708890915,0.0,0.0
4.545833333333333,0.2,0.19271305203437805,0.0,0.0
4.55,0.2,0.1927136480808258,0.0,0.0
4.554166666666666,0.2,0.19271424412727356,0.0,0.0
4.558333333333334,0.2,0.19271482527256012,0.0,0.0
4.5625,0.2,0.19271542131900787,0.0,0.0
4.566666666666666,0.2,0.19271600246429443,0.0,0.0
4.570833333333333,0.2,0.1927165985107422,0.0,0.0
4.575,0.2,0.19271719455718994,0.0,0.0
4.579166666666667,0.2,0.1927177757024765,0.0,0.0
4.583333333333333,0.2,0.19271837174892426,0.0,0.0
4.5875,0.2,0.19271895289421082,0.0,0.0
4.591666666666667,0.2,0.19271954894065857,0.0,0.0
4.595833333333333,0.2,0.19272014498710632,0.0,0.0
4.6,0.2,0.19272072613239288,0.0,0.0
4.604166666666667,0.2,0.19272132217884064,0.0,0.0
4.608333333333333,0.2,0.1927219182252884,0.0,0.0
4.6125,0.2,0.19272249937057495,0.0,0.0
4.616666666666666,0.2,0.1927230954170227,0.0,0.0
4.620833333333334,0.2,0.19272367656230927,0.0,0.0
4.625,0.2,0.19272427260875702,0.0,0.0
4.629166666666666,0.2,0.19272485375404358,0.0,0.0
4.633333333333333,0.2,0.19272544980049133,0.0,0.0
4.6375,0.2,0.1927260458469391,0.0,0.0
4.641666666666667,0.2,0.19272662699222565,0.0,0.0
4.645833333333333,0.2,0.1927272230386734,0.0,0.0
4.65,0.2,0.19272780418395996,0.0,0.0
4.654166666666667,0.2,0.19272840023040771,0.0,0.0
4.658333333333333,0.2,0.19272898137569427,0.0,0.0
4.6625,0.2,0.19272957742214203,0.0,0.0
4.666666666666667,0.2,0.1927301585674286,0.0,0.0
4.670833333333333,0.2,0.19273075461387634,0.0,0.0
4.675,0.2,0.1927313506603241,0.0,0.0
4.679166666666666,0.2,0.19273193180561066,0.0,0.0
4.683333333333334,0.2,0.1927325278520584,0.0,0.0
4.6875,0.2,0.19273310899734497,0.0,0.0
4.691666666666666,0.2,0.19273370504379272,0.0,0.0
4.695833333333333,0.2,0.19273428618907928,0.0,0.0
4.7,0.2,0.19273488223552704,0.0,0.0
4.704166666666667,0.2,0.1927354633808136,0.0,0.0
4.708333333333333,0.2,0.19273605942726135,0.0,0.0
4.7125,0.2,0.1927366405725479,0.0,0.0
4.716666666666667,0.2,0.19273723661899567,0.0,0.0
4.720833333333333,0.2,0.19273781776428223,0.0,0.0
4.725,0.2,0.19273841381072998,0.0,0.0
4.729166666666667,0.2,0.19273899495601654,0.0,0.0
4.733333333333333,0.2,0.1927395910024643,0.0,0.0
4.7375,0.2,0.19274017214775085,0.0,0.0
4.741666666666666,0.2,0.1927407681941986,0.0,0.0
4.745833333333334,0.2,0.19274134933948517,0.0,0.0
4.75,0.2,0.19274194538593292,0.0,0.0
4.754166666666666,0.2,0.19274252653121948,0.0,0.0
4.758333333333333,0.2,0.19274312257766724,0.0,0.0
4.7625,0.2,0.1927437037229538,0.0,0.0
4.766666666666667,0.2,0.19274429976940155,0.0,0.0
4.770833333333333,0.2,0.1927448809146881,0.0,0.0
4.775,0.2,0.19274547696113586,0.0,0.0
4.779166666666667,0.2,0.19274605810642242,0.0,0.0
4.783333333333333,0.2,0.19274665415287018,0.0,0.0
4.7875,0.2,0.19274723529815674,0.0,0.0
4.791666666666667,0.2,0.1927478164434433,0.0,0.0
4.795833333333333,0.2,0.19274841248989105,0.0,0.0
4.8,0.2,0.1927489936351776,0.0,0.0
4.804166666666666,0.2,0.19274958968162537,0.0,0.0
4.808333333333334,0.2,0.19275017082691193,0.0,0.0
4.8125,0.2,0.19275076687335968,0.0,0.0
4.816666666666666,0.2,0.19275134801864624,0.0,0.0
4.820833333333333,0.2,0.192751944065094,0.0,0.0
4.825,0.2,0.19275252521038055,0.0,0.0
4.829166666666667,0.2,0.19275310635566711,0.0,0.0
4.833333333333333,0.2,0.19275370240211487,0.0,0.0
4.8375,0.2,0.19275428354740143,0.0,0.0
4.841666666666667,0.2,0.19275487959384918,0.0,0.0
4.845833333333333,0.2,0.19275546073913574,0.0,0.0
4.85,0.2,0.1927560418844223,0.0,0.0
4.854166666666667,0.2,0.19275663793087006,0.0,0.0
4.858333333333333,0.2,0.19275721907615662,0.0,0.0
4.8625,0.2,0.19275781512260437,0.0,0.0
4.866666666666666,0.2,0.19275839626789093,0.0,0.0
4.870833333333334,0.2,0.1927589774131775,0.0,0.0
4.875,0.2,0.19275957345962524,0.0,0.0
4.879166666666666,0.2,0.1927601546049118,0.0,0.0
4.883333333333333,0.2,0.19276075065135956,0.0,0.0
4.8875,0.2,0.19276133179664612,0.0,0.0
4.891666666666667,0.2,0.19276191294193268,0.0,0.0
4.895833333333333,0.2,0.19276250898838043,0.0,0.0
4.9,0.2,0.192763090133667,0.0,0.0
4.904166666666667,0.2,0.19276368618011475,0.0,0.0
4.908333333333333,0.2,0.1927642673254013,0.0,0.0
4.9125,0.2,0.19276484847068787,0.0,0.0
4.916666666666667,0.2,0.19276544451713562,0.0,0.0
4.920833333333333,0.2,0.19276602566242218,0.0,0.0
4.925,0.2,0.19276660680770874,0.0,0.0
4.929166666666666,0.2,0.1927672028541565,0.0,0.0
4.933333333333334,0.2,0.19276778399944305,0.0,0.0
4.9375,0.2,0.19276836514472961,0.0,0.0
4.941666666666666,0.2,0.19276896119117737,0.0,0.0
4.945833333333333,0.2,0.19276954233646393,0.0,0.0
4.95,0.2,0.1927701234817505,0.0,0.0
4.954166666666667,0.2,0.19277071952819824,0.0,0.0
4.958333333333333,0.2,0.1927713006734848,0.0,0.0
4.9625,0.2,0.19277188181877136,0.0,0.0
4.966666666666667,0.2,0.19277247786521912,0.0,0.0
4.970833333333333,0.2,0.19277305901050568,0.0,0.0
4.975,0.2,0.19277364015579224,0.0,0.0
4.979166666666667,0.2,0.19277423620224,0.0,0.0
4.983333333333333,0.2,0.19277481734752655,0.0,0.0
4.9875,0.2,0.1927753984928131,0.0,0.0
4.991666666666666,0.2,0.19277597963809967,0.0,0.0
4.995833333333334,0.2,0.19277657568454742,0.0,0.0
5.0,0.2,0.19277715682983398,0.0,0.0
5.004166666666666,0.2,0.19277773797512054,0.0,0.0
5.008333333333333,0.2,0.1927783340215683,0.0,0.0
5.0125,0.2,0.19277891516685486,0.0,0.0
5.016666666666667,0.2,0.19277949631214142,0.0,0.0
5.020833333333333,0.2,0.19278007745742798,0.0,0.0
5.025,0.2,0.19278067350387573,0.0,0.0
5.029166666666667,0.2,0.1927812546491623,0.0,0.0
5.033333333333333,0.2,0.19278183579444885,0.0,0.0
5.0375,0.2,0.1927824318408966,0.0,0.0
5.041666666666667,0.2,0.19278301298618317,0.0,0.0
5.045833333333333,0.2,0.19278359413146973,0.0,0.0
5.05,0.2,0.1927841752767563,0.0,0.0
5.054166666666666,0.2,0.19278477132320404,0.0,0.0
5.058333333333334,0.2,0.1927853524684906,0.0,0.0
5.0625,0.2,0.19278593361377716,0.0,0.0
5.066666666666666,0.2,0.19278651475906372,0.0,0.0
5.070833333333333,0.2,0.19278711080551147,0.0,0.0
5.075,0.2,0.19278769195079803,0.0,0.0
5.079166666666667,0.2,0.1927882730960846,0.0,0.0
5.083333333333333,0.2,0.19278885424137115,0.0,0.0
5.0875,0.2,0.19278943538665771,0.0,0.0
5.091666666666667,0.2,0.19279003143310547,0.0,0.0
5.095833333333333,0.2,0.19279061257839203,0.0,0.0
5.1,0.2,0.1927911937236786,0.0,0.0
5.104166666666667,0.2,0.19279177486896515,0.0,0.0
5.108333333333333,0.2,0.1927923709154129,0.0,0.0
5.1125,0.2,0.19279295206069946,0.0,0.0
5.116666666666666,0.2,0.19279353320598602,0.0,0.0
5.120833333333334,0.2,0.19279411435127258,0.0,0.0
5.125,0.2,0.19279469549655914,0.0,0.0
5.129166666666666,0.2,0.1927952915430069,0.0,0.0
5.133333333333333,0.2,0.19279587268829346,0.0,0.0
5.1375,0.2,0.19279645383358002,0.0,0.0
5.141666666666667,0.2,0.19279703497886658,0.0,0.0
5.145833333333333,0.2,0.19279761612415314,0.0,0.0
5.15,0.2,0.1927981972694397,0.0,0.0
5.154166666666667,0.2,0.19279879331588745,0.0,0.0
5.158333333333333,0.2,0.192799374461174,0.0,0.0
5.1625,0.2,0.19279995560646057,0.0,0.0
5.166666666666667,0.2,0.19280053675174713,0.0,0.0
5.170833333333333,0.2,0.1928011178970337,0.0,0.0
5.175,0.2,0.19280169904232025,0.0,0.0
5.179166666666666,0.2,0.192802295088768,0.0,0.0
5.183333333333334,0.2,0.19280287623405457,0.0,0.0
5.1875,0.2,0.19280345737934113,0.0,0.0
5.191666666666666,0.2,0.19280403852462769,0.0,0.0
5.195833333333333,0.2,0.19280461966991425,0.0,0.0
5.2,0.2,0.1928052008152008,0.0,0.0
5.204166666666667,0.2,0.19280578196048737,0.0,0.0
5.208333333333333,0.2,0.19280637800693512,0.0,0.0
5.2125,0.2,0.19280695915222168,0.0,0.0
5.216666666666667,0.2,0.19280754029750824,0.0,0.0
5.220833333333333,0.2,0.1928081214427948,0.0,0.0
5.225,0.2,0.19280870258808136,0.0,0.0
5.229166666666667,0.2,0.19280928373336792,0.0,0.0
5.233333333333333,0.2,0.19280986487865448,0.0,0.0
5.2375,0.2,0.19281044602394104,0.0,0.0
5.241666666666666,0.2,0.1928110420703888,0.0,0.0
5.245833333333334,0.2,0.19281162321567535,0.0,0.0
5.25,0.2,0.19281220436096191,0.0,0.0
5.254166666666666,0.2,0.19281278550624847,0.0,0.0
5.258333333333333,0.2,0.19281336665153503,0.0,0.0
5.2625,0.2,0.1928139477968216,0.0,0.0
5.266666666666667,0.2,0.19281452894210815,0.0,0.0
5.270833333333333,0.2,0.19281511008739471,0.0,0.0
5.275,0.2,0.19281569123268127,0.0,0.0
5.279166666666667,0.2,0.19281627237796783,0.0,0.0
5.283333333333333,0.2,0.1928168684244156,0.0,0.0
5.2875,0.2,0.19281744956970215,0.0,0.0
5.291666666666667,0.2,0.1928180307149887,0.0,0.0
5.295833333333333,0.2,0.19281861186027527,0.0,0.0
5.3,0.2,0.19281919300556183,0.0,0.0
5.304166666666666,0.2,0.1928197741508484,0.0,0.0
5.308333333333334,0.2,0.19282035529613495,0.0,0.0
5.3125,0.2,0.1928209364414215,0.0,0.0
5.316666666666666,0.2,0.19282151758670807,0.0,0.0
5.320833333333333,0.2,0.19282209873199463,0.0,0.0
5.325,0.2,0.1928226798772812,0.0,0.0
5.329166666666667,0.2,0.19282326102256775,0.0,0.0
5.333333333333333,0.2,0.1928238421678543,0.0,0.0
5.3375,0.2,0.19282442331314087,0.0,0.0
5.341666666666667,0.2,0.19282500445842743,0.0,0.0
5.345833333333333,0.2,0.192825585603714,0.0,0.0
5.35,0.2,0.19282616674900055,0.0,0.0
5.354166666666667,0.2,0.1928267478942871,0.0,0.0
5.358333333333333,0.2,0.19282732903957367,0.0,0.0
5.3625,0.2,0.19282791018486023,0.0,0.0
5.366666666666666,0.2,0.1928284913301468,0.0,0.0
5.370833333333334,0.2,0.19282907247543335,0.0,0.0
5.375,0.2,0.1928296536207199,0.0,0.0
5.379166666666666,0.2,0.19283023476600647,0.0,0.0
5.383333333333333,0.2,0.19283083081245422,0.0,0.0
5.3875,0.2,0.1928313970565796,0.0,0.0
5.391666666666667,0.2,0.19283197820186615,0.0,0.0
5.395833333333333,0.2,0.1928325593471527,0.0,0.0
5.4,0.2,0.19283314049243927,0.0,0.0
5.404166666666667,0.2,0.19283372163772583,0.0,0.0
5.408333333333333,0.2,0.1928343027830124,0.0,0.0
5.4125,0.2,0.19283488392829895,0.0,0.0
5.416666666666667,0.2,0.1928354650735855,0.0,0.0
5.420833333333333,0.2,0.19283604621887207,0.0,0.0
5.425,0.2,0.19283662736415863,0.0,0.0
5.429166666666666,0.2,0.1928372085094452,0.0,0.0
5.433333333333334,0.2,0.19283778965473175,0.0,0.0
5.4375,0.2,0.1928383708000183,0.0,0.0
5.441666666666666,0.2,0.19283895194530487,0.0,0.0
5.445833333333333,0.2,0.19283953309059143,0.0,0.0
5.45,0.2,0.192840114235878,0.0,0.0
5.454166666666667,0.2,0.19284069538116455,0.0,0.0
5.458333333333333,0.2,0.1928412765264511,0.0,0.0
5.4625,0.2,0.19284185767173767,0.0,0.0
5.466666666666667,0.2,0.19284243881702423,0.0,0.0
5.470833333333333,0.2,0.1928430199623108,0.0,0.0
5.475,0.2,0.19284360110759735,0.0,0.0
5.479166666666667,0.2,0.1928441822528839,0.0,0.0
5.483333333333333,0.2,0.19284476339817047,0.0,0.0
5.4875,0.2,0.19284532964229584,0.0,0.0
5.491666666666666,0.2,0.1928459107875824,0.0,0.0
5.495833333333334,0.2,0.19284649193286896,0.0,0.0
5.5,0.2,0.19284707307815552,0.0,0.0
5.504166666666666,0.2,0.19284765422344208,0.0,0.0
5.508333333333333,0.2,0.19284823536872864,0.0,0.0
5.5125,0.2,0.1928488165140152,0.0,0.0
5.516666666666667,0.2,0.19284939765930176,0.0,0.0
5.520833333333333,0.2,0.19284997880458832,0.0,0.0
5.525,0.2,0.19285055994987488,0.0,0.0
5.529166666666667,0.2,0.19285112619400024,0.0,0.0
5.533333333333333,0.2,0.1928517073392868,0.0,0.0
5.5375,0.2,0.19285228848457336,0.0,0.0
5.541666666666667,0.2,0.19285286962985992,0.0,0.0
5.545833333333333,0.2,0.19285345077514648,0.0,0.0
5.55,0.2,0.19285403192043304,0.0,0.0
5.554166666666666,0.2,0.1928546130657196,0.0,0.0
5.558333333333334,0.2,0.19285519421100616,0.0,0.0
5.5625,0.2,0.19285576045513153,0.0,0.0
5.566666666666666,0.2,0.1928563416004181,0.0,0.0
5.570833333333333,0.2,0.19285692274570465,0.0,0.0
5.575,0.2,0.1928575038909912,0.0,0.0
5.579166666666667,0.2,0.19285808503627777,0.0,0.0
5.583333333333333,0.2,0.19285866618156433,0.0,0.0
5.5875,0.2,0.1928592473268509,0.0,0.0
5.591666666666667,0.2,0.19285981357097626,0.0,0.0
5.595833333333333,0.2,0.19286039471626282,0.0,0.0
5.6,0.2,0.19286097586154938,0.0,0.0
5.604166666666667,0.2,0.19286155700683594,0.0,0.0
5.608333333333333,0.2,0.1928621381521225,0.0,0.0
5.6125,0.2,0.19286271929740906,0.0,0.0
5.616666666666666,0.2,0.19286328554153442,0.0,0.0
5.620833333333334,0.2,0.19286386668682098,0.0,0.0
5.625,0.2,0.19286444783210754,0.0,0.0
5.629166666666666,0.2,0.1928650289773941,0.0,0.0
5.633333333333333,0.2,0.19286561012268066,0.0,0.0
5.6375,0.2,0.19286619126796722,0.0,0.0
5.641666666666667,0.2,0.1928667575120926,0.0,0.0
5.645833333333333,0.2,0.19286733865737915,0.0,0.0
5.65,0.2,0.1928679198026657,0.0,0.0
5.654166666666667,0.2,0.19286850094795227,0.0,0.0
5.658333333333333,0.2,0.19286906719207764,0.0,0.0
5.6625,0.2,0.1928696483373642,0.0,0.0
5.666666666666667,0.2,0.19287022948265076,0.0,0.0
5.670833333333333,0.2,0.19287081062793732,0.0,0.0
5.675,0.2,0.19287139177322388,0.0,0.0
5.679166666666666,0.2,0.19287195801734924,0.0,0.0
5.683333333333334,0.2,0.1928725391626358,0.0,0.0
5.6875,0.2,0.19287312030792236,0.0,0.0
5.691666666666666,0.2,0.19287370145320892,0.0,0.0
5.695833333333333,0.2,0.1928742676973343,0.0,0.0
5.7,0.2,0.19287484884262085,0.0,0.0
5.704166666666667,0.2,0.1928754299879074,0.0,0.0
5.708333333333333,0.2,0.19287601113319397,0.0,0.0
5.7125,0.2,0.19287659227848053,0.0,0.0
5.716666666666667,0.2,0.1928771585226059,0.0,0.0
5.720833333333333,0.2,0.19287773966789246,0.0,0.0
5.725,0.2,0.19287832081317902,0.0,0.0
5.729166666666667,0.2,0.19287888705730438,0.0,0.0
5.733333333333333,0.2,0.19287946820259094,0.0,0.0
5.7375,0.2,0.1928800493478775,0.0,0.0
5.741666666666666,0.2,0.19288063049316406,0.0,0.0
5.745833333333334,0.2,0.19288119673728943,0.0,0.0
5.75,0.2,0.192881777882576,0.0,0.0
5.754166666666666,0.2,0.19288235902786255,0.0,0.0
5.758333333333333,0.2,0.1928829401731491,0.0,0.0
5.7625,0.2,0.19288350641727448,0.0,0.0
5.766666666666667,0.2,0.19288408756256104,0.0,0.0
5.770833333333333,0.2,0.1928846687078476,0.0,0.0
5.775,0.2,0.19288523495197296,0.0,0.0
5.779166666666667,0.2,0.19288581609725952,0.0,0.0
5.783333333333333,0.2,0.19288639724254608,0.0,0.0
5.7875,0.2,0.19288697838783264,0.0,0.0
5.791666666666667,0.2,0.192887544631958,0.0,0.0
5.795833333333333,0.2,0.19288812577724457,0.0,0.0
5.8,0.2,0.19288870692253113,0.0,0.0
5.804166666666666,0.2,0.1928892731666565,0.0,0.0
5.808333333333334,0.2,0.19288985431194305,0.0,0.0
5.8125,0.2,0.19289043545722961,0.0,0.0
5.816666666666666,0.2,0.19289100170135498,0.0,0.0
5.820833333333333,0.2,0.19289158284664154,0.0,0.0
5.825,0.2,0.1928921639919281,0.0,0.0
5.829166666666667,0.2,0.19289273023605347,0.0,0.0
5.833333333333333,0.2,0.19289331138134003,0.0,0.0
5.8375,0.2,0.1928938925266266,0.0,0.0
5.841666666666667,0.2,0.19289445877075195,0.0,0.0
5.845833333333333,0.2,0.1928950399160385,0.0,0.0
5.85,0.2,0.19289560616016388,0.0,0.0
5.854166666666667,0.2,0.19289618730545044,0.0,0.0
5.858333333333333,0.2,0.192896768450737,0.0,0.0
5.8625,0.2,0.19289733469486237,0.0,0.0
5.866666666666666,0.2,0.19289791584014893,0.0,0.0
5.870833333333334,0.2,0.19289849698543549,0.0,0.0
5.875,0.2,0.19289906322956085,0.0,0.0
5.879166666666666,0.2,0.1928996443748474,0.0,0.0
5.883333333333333,0.2,0.19290022552013397,0.0,0.0
5.8875,0.2,0.19290079176425934,0.0,0.0
5.891666666666667,0.2,0.1929013729095459,0.0,0.0
5.895833333333333,0.2,0.19290193915367126,0.0,0.0
5.9,0.2,0.19290252029895782,0.0,0.0
5.904166666666667,0.2,0.19290310144424438,0.0,0.0
5.908333333333333,0.2,0.19290366768836975,0.0,0.0
5.9125,0.2,0.1929042488336563,0.0,0.0
5.916666666666667,0.2,0.19290482997894287,0.0,0.0
5.920833333333333,0.2,0.19290539622306824,0.0,0.0
5.925,0.2,0.1929059773683548,0.0,0.0
5.929166666666666,0.2,0.19290654361248016,0.0,0.0
5.933333333333334,0.2,0.19290712475776672,0.0,0.0
5.9375,0.2,0.1929076910018921,0.0,0.0
5.941666666666666,0.2,0.19290827214717865,0.0,0.0
5.945833333333333,0.2,0.1929088532924652,0.0,0.0
5.95,0.2,0.19290941953659058,0.0,0.0
5.954166666666667,0.2,0.19291000068187714,0.0,0.0
5.958333333333333,0.2,0.1929105669260025,0.0,0.0
5.9625,0.2,0.19291114807128906,0.0,0.0
5.966666666666667,0.2,0.19291171431541443,0.0,0.0
5.970833333333333,0.2,0.192912295460701,0.0,0.0
5.975,0.2,0.19291287660598755,0.0,0.0
5.979166666666667,0.2,0.19291344285011292,0.0,0.0
5.983333333333333,0.2,0.19291402399539948,0.0,0.0
5.9875,0.2,0.19291459023952484,0.0,0.0
5.991666666666666,0.2,0.1929151713848114,0.0,0.0
5.995833333333334,0.2,0.19291573762893677,0.0,0.0
6.0,0.2,0.19291631877422333,0.0,0.0
6.004166666666666,0.2,0.1929168850183487,0.0,0.0
6.008333333333333,0.2,0.19291746616363525,0.0,0.0
6.0125,0.2,0.19291803240776062,0.0,0.0
6.016666666666667,0.2,0.19291861355304718,0.0,0.0
6.020833333333333,0.2,0.19291917979717255,0.0,0.0
6.025,0.2,0.1929197609424591,0.0,0.0
6.029166666666667,0.2,0.19292032718658447,0.0,0.0
6.033333333333333,0.2,0.19292090833187103,0.0,0.0
6.0375,0.2,0.1929214745759964,0.0,0.0
6.041666666666667,0.2,0.19292205572128296,0.0,0.0
6.045833333333333,0.2,0.19292263686656952,0.0,0.0
6.05,0.2,0.19292320311069489,0.0,0.0
6.054166666666666,0.2,0.19292376935482025,0.0,0.0
6.058333333333334,0.2,0.1929243505001068,0.0,0.0
6.0625,0.2,0.19292491674423218,0.0,0.0
6.066666666666666,0.2,0.19292549788951874,0.0,0.0
6.070833333333333,0.2,0.1929260641336441,0.0,0.0
6.075,0.2,0.19292664527893066,0.0,0.0
6.079166666666667,0.2,0.19292721152305603,0.0,0.0
6.083333333333333,0.2,0.1929277926683426,0.0,0.0
6.0875,0.2,0.19292835891246796,0.0,0.0
6.091666666666667,0.2,0.19292894005775452,0.0,0.0
6.095833333333333,0.2,0.19292950630187988,0.0,0.0
6.1,0.2,0.19293008744716644,0.0,0.0
6.104166666666667,0.2,0.1929306536912918,0.0,0.0
6.108333333333333,0.2,0.19293123483657837,0.0,0.0
6.1125,0.2,0.19293180108070374,0.0,0.0
6.116666666666666,0.2,0.1929323822259903,0.0,0.0
6.120833333333334,0.2,0.19293294847011566,0.0,0.0
6.125,0.2,0.19293351471424103,0.0,0.0
6.129166666666666,0.2,0.1929340958595276,0.0,0.0
6.133333333333333,0.2,0.19293466210365295,0.0,0.0
6.1375,0.2,0.19293524324893951,0.0,0.0
6.141666666666667,0.2,0.19293580949306488,0.0,0.0
6.145833333333333,0.2,0.19293639063835144,0.0,0.0
6.15,0.2,0.1929369568824768,0.0,0.0
6.154166666666667,0.2,0.19293752312660217,0.0,0.0
6.158333333333333,0.2,0.19293810427188873,0.0,0.0
6.1625,0.2,0.1929386705160141,0.0,0.0
6.166666666666667,0.2,0.19293925166130066,0.0,0.0
6.170833333333333,0.2,0.19293981790542603,0.0,0.0
6.175,0.2,0.1929403841495514,0.0,0.0
6.179166666666666,0.2,0.19294096529483795,0.0,0.0
6.183333333333334,0.2,0.19294153153896332,0.0,0.0
6.1875,0.2,0.19294211268424988,0.0,0.0
6.191666666666666,0.2,0.19294267892837524,0.0,0.0
6.195833333333333,0.2,0.1929432451725006,0.0,0.0
6.2,0.2,0.19294382631778717,0.0,0.0
6.204166666666667,0.2,0.19294439256191254,0.0,0.0
6.208333333333333,0.2,0.1929449737071991,0.0,0.0
6.2125,0.2,0.19294553995132446,0.0,0.0
6.216666666666667,0.2,0.19294610619544983,0.0,0.0
6.220833333333333,0.2,0.1929466873407364,0.0,0.0
6.225,0.2,0.19294725358486176,0.0,0.0
6.229166666666667,0.2,0.19294781982898712,0.0,0.0
6.233333333333333,0.2,0.19294840097427368,0.0,0.0
6.2375,0.2,0.19294896721839905,0.0,0.0
6.241666666666666,0.2,0.1929495483636856,0.0,0.0
6.245833333333334,0.2,0.19295011460781097,0.0,0.0
6.25,0.2,0.19295068085193634,0.0,0.0
6.254166666666666,0.2,0.1929512619972229,0.0,0.0
6.258333333333333,0.2,0.19295182824134827,0.0,0.0
6.2625,0.2,0.19295239448547363,0.0,0.0
6.266666666666667,0.2,0.1929529756307602,0.0,0.0
6.270833333333333,0.2,0.19295354187488556,0.0,0.0
6.275,0.2,0.19295410811901093,0.0,0.0
6.279166666666667,0.2,0.19295468926429749,0.0,0.0
6.283333333333333,0.2,0.19295525550842285,0.0,0.0
6.2875,0.2,0.19295582175254822,0.0,0.0
6.291666666666667,0.2,0.19295640289783478,0.0,0.0
6.295833333333333,0.2,0.19295696914196014,0.0,0.0
6.3,0.2,0.1929575353860855,0.0,0.0
6.304166666666666,0.2,0.19295810163021088,0.0,0.0
6.308333333333334,0.2,0.19295868277549744,0.0,0.0
6.3125,0.2,0.1929592490196228,0.0,0.0
6.316666666666666,0.2,0.19295981526374817,0.0,0.0
6.320833333333333,0.2,0.19296039640903473,0.0,0.0
6.325,0.2,0.1929609626531601,0.0,0.0
6.329166666666667,0.2,0.19296152889728546,0.0,0.0
6.333333333333333,0.2,0.19296211004257202,0.0,0.0
6.3375,0.2,0.1929626762866974,0.0,0.0
6.341666666666667,0.2,0.19296324253082275,0.0,0.0
6.345833333333333,0.2,0.19296380877494812,0.0,0.0
6.35,0.2,0.19296438992023468,0.0,0.0
6.354166666666667,0.2,0.19296495616436005,0.0,0.0
6.358333333333333,0.2,0.1929655224084854,0.0,0.0
6.3625,0.2,0.19296608865261078,0.0,0.0
6.366666666666666,0.2,0.19296666979789734,0.0,0.0
6.370833333333334,0.2,0.1929672360420227,0.0,0.0
6.375,0.2,0.19296780228614807,0.0,0.0
6.379166666666666,0.2,0.19296838343143463,0.0,0.0
6.383333333333333,0.2,0.19296894967556,0.0,0.0
6.3875,0.2,0.19296951591968536,0.0,0.0
6.391666666666667,0.2,0.19297008216381073,0.0,0.0
6.395833333333333,0.2,0.1929706484079361,0.0,0.0
6.4,0.2,0.19297122955322266,0.0,0.0
6.404166666666667,0.2,0.19297179579734802,0.0,0.0
6.408333333333333,0.2,0.1929723620414734,0.0,0.0
6.4125,0.2,0.19297292828559875,0.0,0.0
6.416666666666667,0.2,0.19297350943088531,0.0,0.0
6.420833333333333,0.2,0.19297407567501068,0.0,0.0
6.425,0.2,0.19297464191913605,0.0,0.0
6.429166666666666,0.2,0.1929752081632614,0.0,0.0
6.433333333333334,0.2,0.19297577440738678,0.0,0.0
6.4375,0.2,0.19297635555267334,0.0,0.0
6.441666666666666,0.2,0.1929769217967987,0.0,0.0
6.445833333333333,0.2,0.19297748804092407,0.0,0.0
6.45,0.2,0.19297805428504944,0.0,0.0
6.454166666666667,0.2,0.192978635430336,0.0,0.0
6.458333333333333,0.2,0.19297920167446136,0.0,0.0
6.4624999999999995,0.2,0.19297976791858673,0.0,0.0
6.466666666666667,0.2,0.1929803341627121,0.0,0.0
6.470833333333333,0.2,0.19298090040683746,0.0,0.0
6.475,0.2,0.19298146665096283,0.0,0.0
6.479166666666667,0.2,0.1929820477962494,0.0,0.0
6.483333333333333,0.2,0.19298261404037476,0.0,0.0
6.4875,0.2,0.19298318028450012,0.0,0.0
6.491666666666666,0.2,0.1929837465286255,0.0,0.0
6.495833333333334,0.2,0.19298431277275085,0.0,0.0
